complexity,accuracy,distortion,mse,run
3.22136713780948,3.17612211537336,1.9355492127369978,,0
