complexity,accuracy,distortion,mse,gNID,eps,beta,run
0.0,0.0,0.4158249,1.452638,,-9.506257629254833e-05,0.019986657425761223,0
