complexity,accuracy,distortion,mse,run
5.218168750431573e-07,4.459307598736473e-07,1.9120273899151874,,0
