complexity,accuracy,distortion,mse,gNID,eps,beta,run
0.0,0.0,1.9120274,16.354912,,-7.191905751824379e-06,0.14315544068813324,0
