complexity,accuracy,distortion,mse,round,run
0.4699688,0.16993141,1.742096,17.000948,0.0,1.0
1.3828278e-05,1.2874603e-05,1.9120145,16.35502,1.0,1.0
0.0,0.0,1.9120274,16.354912,2.0,1.0
4.7683716e-07,0.0,1.9120274,16.354912,3.0,1.0
0.0,0.0,1.9120274,16.354912,4.0,1.0
