complexity,accuracy,distortion,mse,gNID,eps,beta,run
3.1219285,1.724227,0.18780088,1.7862598,0.037039220333099365,0.021837107837200165,3.924769878387451,0
