complexity,accuracy,distortion,mse,gNID,eps,beta,run
0.0622406,0.019016266,0.39680862,1.4291711,0.01506417989730835,3.059513801417779e-06,2.137158155441284,0
