complexity,accuracy,distortion,mse,gNID,eps,beta,run
0.29375744,0.2773552,1.6405106,1038.9253,0.014826476573944092,-0.008623890578746796,0.7456837892532349,0
