complexity,accuracy,distortion,mse,gNID,eps,beta,run
3.220936133789266,3.1757046877957382,1.9359666401845657,14.735930698708833,[0.00018161133920824302],-0.00019619169550408176,0.7413827655310621,0
