complexity,accuracy,distortion,mse,gNID,eps,beta,run
6.2454786,4.993638,0.118032455,1.1761996,0.028476238250732422,-0.027206990867853165,3.0692460536956787,0
