complexity,accuracy,distortion,mse,gNID,eps,beta,run
3.972723964251768,3.844851546318445,1.2668197815789846,5.758437443945415,[0.0006028406729093883],0.0004584953928771891,0.8331325301204819,0
