complexity,accuracy,distortion,mse,gNID,eps,beta,run
1.1505448191293972,0.4117962135461308,3.0689767585608028,965.3215317727396,0.8253799378871918,-0.0740075558423996,29.203468322753906,0
