complexity,accuracy,distortion,mse,round,run
2.625815,1.0819855,0.78604984,4.2988663,0.0,1.0
4.7683716e-07,4.7683716e-07,1.8680348,6.313385,1.0,1.0
0.0,4.7683716e-07,1.8680348,6.313385,2.0,1.0
0.0,0.0,1.8680353,6.313385,3.0,1.0
