complexity,accuracy,distortion,mse,run
-1.3093952588860702e-08,-5.732697871962955e-09,0.4158248958694166,,0
