complexity,accuracy,distortion,mse,gNID,eps,beta,run
0.045656204,0.014043808,0.40178108,1.4342645,0.009459435939788818,-0.0001539934892207384,2.07058048248291,0
