complexity,accuracy,distortion,mse,run
4.632977151119158,3.357904841522684,0.12286813058424961,,0
