complexity,accuracy,distortion,mse,gNID,eps,beta,run
4.638568,3.357914,0.122859,11.527653,0.0009766817092895508,0.0012721739476546645,4.387485027313232,0
