complexity,accuracy,distortion,mse,round,run
2.521511,1.2349029,0.677125,8.32879,0.0,1.0
0.00012350082,0.000116825104,1.911911,16.352942,1.0,1.0
4.7683716e-07,4.7683716e-07,1.9120274,16.354912,2.0,1.0
0.0,0.0,1.9120288,16.354912,3.0,1.0
4.7683716e-07,0.0,1.9120283,16.354914,4.0,1.0
