complexity,accuracy,distortion,mse,gNID,eps,beta,run
0.29375648,0.16014099,0.4060135,1248.37,0.008738875389099121,-0.0013919412158429623,1.3648566007614136,0
