complexity,accuracy,distortion
-2.149783107086023e-08,-7.524241274481369e-08,0.0012269772504693854
-2.149783107086023e-08,-7.524241274481369e-08,0.0012269772504693854
-2.149783107086023e-08,-7.524241274481369e-08,0.0012269772504693854
-2.149783107086023e-08,-7.524241274481369e-08,0.0012269772504693854
-2.149783062677102e-08,-7.524241274481369e-08,0.0012269772504693854
-2.149782929450339e-08,-7.524241274481369e-08,0.0012269772504693854
