complexity,accuracy,distortion,mse,gNID,eps,beta,run
1.9073486e-06,1.9073486e-06,0.41582298,1.4480036,,3.158970685035456e-07,0.023315543308854103,0
