complexity,accuracy,distortion,mse,run
1.2704845175903756e-08,2.2799682142249367e-09,0.41582488785675054,,0
