complexity,accuracy,distortion,mse,gNID,eps,beta,run
0.0,0.0,0.4158249,1.452723,,-1.3207090887590311e-05,0.28962641954421997,0
