complexity,accuracy,distortion,mse,gNID,eps,beta,run
0.33340836,0.3332119,4.7784586,952.94275,0.571313738822937,-0.02550157718360424,0.6924216151237488,0
