complexity,accuracy,distortion,mse,sender_delta,receiver_delta,min_epsilon,min_beta,run
4.128369966646757,3.8433827245486114,36.38050100213985,5.807731323451183,9.99990594184216e-05,5.7415994890649605e-05,0.00031321513355663227,1.5080402010050251,0
