complexity,accuracy,distortion,mse,gNID,eps,beta,run
3.5342102,2.969429,0.51134396,19.450626,0.0326918363571167,0.013963088393211365,1.537024736404419,0
