complexity,accuracy,distortion,mse,run
4.593991994064991,4.315856084788614,0.7958152432253645,,0
