complexity,accuracy,distortion,mse,gNID,eps,beta,run
4.621307255569936,4.333518830800349,0.7781524973647205,2.9207085953966025,[0.0013857577044953384],0.0032026659588982142,1.0396396396396397,0
