complexity,accuracy,distortion,mse,gNID,eps,beta,run
0.0,0.0,1.9120278,16.354912,-1.0,-8.075770665527671e-07,0.029973315075039864,0
