complexity,accuracy,distortion,mse,gNID,eps,beta,run
4.629305,3.3564482,0.1243248,11.551303,0.0014519691467285156,0.0006657274207100272,4.354903221130371,0
