complexity,accuracy,distortion,mse,gNID,eps,beta,run
4.62489015297837,4.3359675074113255,0.7757038205499711,2.9128668533530973,[0.0011037181041594346],-0.0017859697831440764,1.048948948948949,0
