complexity,accuracy,distortion,mse,gNID,eps,beta,run
2.4265296024585368,2.4127111092936726,2.6989602188402255,43.286695242650055,[0.0004440351891682459],-5.03880204858635e-05,0.7083366733466934,0
