complexity,accuracy,distortion,mse,gNID,eps,beta,run
6.3869085,3.2556887,0.2250843,151.91953,0.02386009693145752,0.003468212205916643,34.58305358886719,0
