complexity,accuracy,distortion,mse,gNID,eps,beta,run
3.121928,1.7145624,0.19746494,2.23626,0.037039220333099365,0.02429943159222603,3.924769878387451,0
