complexity,accuracy,distortion,mse,sender_delta,receiver_delta,min_epsilon,min_beta,run
3.21709512882536,3.172123228281446,1.93954809975002,14.77813897103992,0.0590906733533941,0.120758692547639,5.268783332992383e-05,1.0678949395750656,0
