complexity,accuracy,distortion,mse,gNID,eps,beta,run
0.34358025,0.34337616,4.7682943,939.1076,0.5821084678173065,-0.02549055777490139,0.6924216151237488,0
