complexity,accuracy,distortion,mse,run
2.173076482314684e-06,1.9230241470324927e-06,1.9120259128218002,,0
