complexity,accuracy,distortion,mse,gNID,eps,beta,run
4.173107,3.1449804,0.33579254,14.988042,0.029269158840179443,0.10438284277915955,2.220146656036377,0
