complexity,accuracy,distortion,mse,gNID,eps,beta,run
6.8057127,0.4051094,0.010715485,1.1563174,0.8987278863787651,1.1710236072540283,4.993342399597168,0
