complexity,accuracy,distortion,mse,gNID,eps,beta,run
1.5261397,1.2743773,0.6376505,2.2785556,0.0020665526390075684,-0.0007576017524115741,1.1185190677642822,0
