complexity,accuracy,distortion,mse,gNID,eps,beta,run
3.250184,1.6923776,0.17565727,1.4997065,0.05165891305572545,0.001007855636999011,4.154462814331055,0
