complexity,accuracy,distortion,mse,run
6.1378685012601135,3.469184180562614,0.011588791544319577,,0
