complexity,accuracy,distortion,mse,gNID,eps,beta,run
5.834238,2.7687244,0.71204853,1710.1862,0.08688348531723022,0.01753680594265461,22.628419876098633,0
