complexity,accuracy,distortion,mse,gNID,eps,beta,run
1.4988832,1.4959278,3.6157436,164.06783,0.30264735221862793,-0.052657436579465866,0.7257104516029358,0
