complexity,accuracy,distortion,mse,run
4.079562389300689,3.9318320215783213,1.1798384725012685,,0
