complexity,accuracy,distortion,mse,gNID,eps,beta,run
4.0674114,3.922843,1.1888275,5.1897383,0.0012158510776397735,-0.003798171877861023,0.832234799861908,0
