complexity,accuracy,distortion,mse,gNID,eps,beta,run
0.9138942531044928,0.8281239725116754,1.0839036501186845,4.30281474820064,[0.002603241068571016],-0.001150600264741187,0.83855421686747,0
