complexity,accuracy,distortion,mse,gNID,eps,beta,run
0.34699345,0.32728863,1.5847392,9.595055,0.06139785051345825,-0.011597177013754845,0.7589993476867676,0
