complexity,accuracy,distortion,mse,gNID,eps,beta,run
4.182554098110083,4.18255409811008,2.4613019504739047,547.5999129218029,0.28257888555526733,4.963805347389227e-15,0.7157238125801086,0
