complexity,accuracy,distortion,mse,gNID,eps,beta,run
2.7739754,0.18759632,0.22822857,1.4151857,0.8005562126636505,0.40653690695762634,5.0,0
