complexity,accuracy,distortion,mse,run
6.4237787450713455,3.47686865670307,0.0039043154038633787,,0
