complexity,accuracy,distortion,mse,gNID,eps,beta,run
6.276307,3.1507072,0.33006573,234.3823,0.03541243076324463,0.005748969502747059,31.082054138183594,0
