complexity,accuracy,distortion,mse,run
2.7446260675650094,1.7886295103327443,0.12339832551320296,,0
