complexity,accuracy,distortion,mse,gNID,eps,beta,run
4.625270366694425,4.336213080612611,0.7754582472538853,2.912191690162652,[0.0010595628995426765],-0.0016576123395969928,1.048948948948949,0
