complexity,accuracy,distortion,mse,gNID,eps,beta,run
4.477798845767156,4.235377396372854,0.8762939317269502,3.350110919682096,[0.001389972425864916],-0.0028839916620623275,0.9837837837837838,0
