complexity,accuracy,distortion,mse,run
3.96180744625725,3.8358528879657605,1.2758184400767814,,0
