complexity,accuracy,distortion,mse,gNID,eps,beta,run
3.958829605376769,3.8328539142440192,1.2788174139084827,5.8213143345492115,[0.0009052066653338908],2.5420647767368557e-05,0.8313253012048194,0
