complexity,accuracy,distortion,mse,run
0.48459914133385507,0.45444675827140735,1.4575808644479151,,0
