complexity,accuracy,distortion,mse,gNID,eps,beta,run
0.4887140484219552,0.4576634730458515,1.4543641503074536,7.84238328384544,[0.001152100503561737],0.0011925550980929163,0.7531663326653306,0
