complexity,accuracy,distortion,mse,gNID,eps,beta,run
1.4358454,0.24145222,0.17437267,1.2392509,0.39934080839157104,0.12813954055309296,5.0,0
