complexity,accuracy,distortion,mse,run
6.055823247994913,3.4664446005705187,0.014328371536414863,,0
