complexity,accuracy,distortion,mse,gNID,eps,beta,run
4.477610385716957,4.235241543019296,0.8764297849032356,3.3506143467222573,[0.0014139544927662673],-0.002937465472632232,0.9837837837837838,0
