complexity,accuracy,distortion,mse,gNID,eps,beta,run
4.625313548764245,4.336240205951638,0.7754311221644627,2.9121001390943637,[0.0010580916240737759],-0.0016423048433041243,1.048948948948949,0
