complexity,accuracy,distortion,mse,run
3.39186243715222,1.838243997484959,0.02979131898232623,,0
