complexity,accuracy,distortion,mse,gNID,eps,beta,run
2.8643456,2.6341915,0.8465805,31.920439,0.000640869140625,-0.0008553134393878281,0.9744744896888733,0
