complexity,accuracy,distortion,mse,run
3.9709843980232744,3.8434939675341404,1.2681773606222215,,0
