complexity,accuracy,distortion,mse,gNID,eps,beta,run
3.9684628716384793,3.8411864222004897,1.2704849058218146,5.776996532252798,[0.0003038632368093097],-0.0007190155934287653,0.8331325301204819,0
