complexity,accuracy,distortion,mse,gNID,eps,beta,run
4.625386421790143,4.336288017300117,0.775383310733682,2.9119749826024397,[0.0010508402998812283],-0.0016184126148009528,1.048948948948949,0
