complexity,accuracy,distortion,mse,trial
2.1885505,0.091508865,0.00431633,18.051998,0
2.1706786,0.091278076,0.004547119,19.097357,1
2.1797504,0.09137106,0.004453182,18.614891,2
2.1540499,0.09101057,0.0048155785,20.430075,3
2.1782618,0.091407776,0.0044174194,18.58928,4
2.1650972,0.09120989,0.004615307,19.417873,5
2.0102153,0.08763361,0.008191586,34.99799,6
2.1306157,0.09063864,0.005186558,21.79203,7
