complexity,accuracy,distortion,mse,gNID,eps,beta,run
0.33340836,0.33145905,3.149313,955.9572,0.6007444858551025,-0.012058899737894535,0.6831220984458923,0
