complexity,accuracy,distortion,mse,gNID,eps,beta,run
0.33340836,0.33146,3.149313,955.9573,0.2874261736869812,-0.02261372096836567,0.7057371735572815,0
