complexity,accuracy,distortion,mse,round,run
7.247925e-05,7.6293945e-06,3.4807653,1664.7812,0.0,1.0
0.00014591217,1.7166138e-05,3.4807558,1664.7742,1.0,1.0
0.0009317398,0.00011062622,3.4806623,1664.7383,2.0,1.0
0.006371498,0.00076293945,3.48001,1664.4976,3.0,1.0
0.043685913,0.005340576,3.4754324,1662.7961,4.0,1.0
0.2967043,0.041380882,3.439392,1649.0765,5.0,1.0
1.728343,0.3966999,3.084073,1497.7275,6.0,1.0
4.4384537,1.701724,1.7790489,965.7307,7.0,1.0
5.6915665,2.629057,0.85171604,539.27405,8.0,1.0
6.0812044,2.9673338,0.5134392,354.42712,9.0,1.0
6.2403927,3.1080322,0.37274075,257.0203,10.0,1.0
6.336763,3.191986,0.2887869,201.2824,11.0,1.0
6.3747544,3.2278128,0.2529602,179.73563,12.0,1.0
6.3882227,3.2413101,0.23946285,171.70734,13.0,1.0
6.3996363,3.252861,0.22791195,164.6369,14.0,1.0
6.4038067,3.2570581,0.22371483,163.47763,15.0,1.0
6.4038563,3.2571077,0.22366524,163.47202,16.0,1.0
