complexity,accuracy,distortion,mse,gNID,eps,beta,run
6.09231,0.40755653,0.008268356,1.155808,0.8801727145910263,1.0262117385864258,5.0,0
