complexity,accuracy,distortion,mse,gNID,eps,beta,run
4.392579722683594,4.158278390111255,0.953392937916722,3.5800504356430007,[0.013337738773504415],-0.00432403736353462,0.9744744744744744,0
