complexity,accuracy,distortion,mse,run
0.3145856873096271,0.29175179312997557,1.6261139600438526,,0
