complexity,accuracy,distortion,mse,run
1.0795860766587833,1.0498402651256562,4.061830228953934,,0
