complexity,accuracy,distortion,mse,gNID,eps,beta,run
3.978947741864338,3.850119212582163,1.2615521154056104,5.731228249186419,[0.00010117817865773482],-0.0002310532691282294,0.8349397590361447,0
