complexity,accuracy,distortion,mse,gNID,eps,beta,run
0.0,0.0,0.4158249,1.4518325,,7.186167931649834e-05,0.026644429191946983,0
