complexity,accuracy,distortion,mse,run
3.221367137705517,3.1761221152795294,1.9355492127630125,,0
