complexity,accuracy,distortion,mse,gNID,eps,beta,run
3.219496138304848,3.174361042820097,1.9373102851551671,14.750687830686909,[8.865197491658705e-05],-0.00014830090455020416,0.7412424849699398,0
