complexity,accuracy,distortion,mse,run
5.2138688188234,4.668901661520554,0.442768832559036,,0
