complexity,accuracy,distortion,mse,gNID,eps,beta,run
0.089980125,0.08949852,3.3912745,1330.6621,0.3036552667617798,-0.0066358549520373344,0.6657904982566833,0
