complexity,accuracy,distortion,mse,gNID,eps,beta,run
4.571898,3.2608652,0.21990776,11.970823,0.09060925245285034,-0.04135534167289734,6.916611194610596,0
