complexity,accuracy,distortion,mse,gNID,eps,beta,run
0.34698582,0.32728052,1.5847473,9.595162,0.061420559883117676,-0.01159780565649271,0.7589993476867676,0
