complexity,accuracy,distortion,mse,run
1.0164164703365728,0.909058368781694,1.0029694670642533,,0
