complexity,accuracy,distortion,mse,gNID,eps,beta,run
0.0,4.7683716e-07,1.9120274,16.017082,,-7.335581904044375e-05,0.013328885659575462,0
