complexity,accuracy
0.29834905482124885,0.25036587575374636
