complexity,accuracy,distortion,mse,gNID,eps,beta,run
4.625374633243869,4.336279421851886,0.7753919061116612,2.912003741247089,[0.0010534135236888176],-0.0016214567379997805,1.048948948948949,0
