complexity,accuracy,distortion,mse,run
6.545577435480245,3.4793356340887183,0.0014373380182153284,,0
