complexity,accuracy,distortion,mse,run
5.907210016642757,3.461043387039899,0.019729585067034705,,0
