complexity,accuracy,distortion,mse,gNID,eps,beta,run
5.7731624,3.1234512,0.35732174,22.836533,0.07501369714736938,0.01098475232720375,18.529685974121094,0
