complexity,accuracy,distortion,mse,run
6.355119580117039,5.055501829508339,0.056168664571250915,,0
