complexity,accuracy,distortion,mse,gNID,eps,beta,run
2.0962658,1.3832979,0.4847374,1.8425767,0.05235682172459899,0.09734099358320236,1.5412875413894653,0
