complexity,accuracy,distortion,mse,gNID,eps,beta,run
1.8377094,1.3944979,0.51752996,1.6884973,0.12727010250091553,-0.05257798358798027,1.7044029235839844,0
