complexity,accuracy,distortion,mse,run
4.75384114825758,4.418688645150084,0.6929818489295059,,0
