complexity,accuracy,distortion,mse,run
4.6001803776052785,4.320010598983057,0.7916607291150957,,0
