complexity,accuracy,distortion,mse,gNID,eps,beta,run
4.618675509831474,4.331670020557917,0.7800013074694299,2.927060297787837,[0.001194644162262004],0.002449582375131786,1.0396396396396397,0
