complexity,accuracy,distortion,mse,gNID,eps,beta,run
4.624563275824851,4.335723375611591,0.7759479524243211,2.9137483464028824,[0.0011425951948528246],-0.0018648538521970298,1.048948948948949,0
