complexity,accuracy,distortion,mse,gNID,eps,beta,run
5.8763285,0.40558434,0.010240555,1.1571907,0.8760949447751045,0.9834095239639282,5.0,0
