complexity,accuracy,distortion,mse,gNID,eps,beta,run
2.45572,2.3238525,1.1569204,49.278572,0.001042485237121582,-0.0044927820563316345,0.852208137512207,0
