complexity,accuracy,distortion,mse,gNID,eps,beta,run
2.455821,2.3239393,1.1568336,49.27454,0.00244903564453125,-0.005730389151722193,0.8539025783538818,0
