complexity,accuracy,distortion,mse,run
1.4997445114965489,1.2561609934824132,0.6558668423635341,,0
