complexity,accuracy,distortion,mse,gNID,eps,beta,run
1.5060158,1.2621446,0.6498833,2.320207,0.001771390438079834,0.0002591787779238075,1.111861228942871,0
