complexity,accuracy,distortion,mse,run
-1.2981637098619103e-08,-5.69788127791071e-09,0.41582489583460003,,0
