complexity,accuracy,distortion,mse,gNID,eps,beta,run
0.34684086,0.18685818,0.3792963,1201.1998,0.008260130882263184,-0.0023501701653003693,1.4414209127426147,0
