complexity,accuracy,distortion,mse,gNID,eps,beta,run
4.625358885498931,4.336270299071941,0.7754010289402977,2.912030524321499,[0.001050800473607394],-0.0016277725721665303,1.048948948948949,0
