complexity,accuracy,distortion,mse,gNID,eps,beta,run
2.918296,1.2899714,0.57806396,3.0196347,0.14087476847948854,0.07481157779693604,3.3588593006134033,0
