complexity,accuracy,distortion,mse,round,run
2.918296,1.2899714,0.57806396,3.0196347,0.0,1.0
2.918296,1.2899714,0.57806396,3.0196347,1.0,1.0
