complexity,accuracy,distortion,mse,gNID,eps,beta,run
4.0010853,0.368824,0.047000885,1.1803252,0.8082560747861862,0.6157135367393494,5.0,0
