complexity,accuracy,distortion,mse,run
1.5038491929003008,1.2618208320622166,0.6502067909199374,,0
