complexity,accuracy,distortion,mse,run
4.316108089945393,4.117609349177952,0.99406197868867,,0
