complexity,accuracy,distortion,mse,gNID,eps,beta,run
4.508257350807211,4.250417091404133,0.861254236499617,3.1988402110456793,[0.006837781126984188],-0.007199200368003217,1.0117117117117118,0
