complexity,accuracy,distortion,mse,gNID,eps,beta,run
4.974378005579698,4.886131986982377,1.938535742383502,47.21590538372813,0.050099223461635756,0.02031448297202587,0.7456837892532349,0
5.2587486317063075,5.160812885820363,1.6638548435455167,17.032167399268758,0.023167089259269025,0.006812683772295713,0.7623282074928284,1
5.188447687519464,5.089939625452525,1.7347281039133549,25.326522425159524,0.031642144005483264,0.01894671842455864,0.755670428276062,2
5.4072592236905805,5.3006312488964475,1.524036480469432,10.608009442872934,0.012649150241353269,0.0026458962820470333,0.7723149061203003,3
5.359927126760933,5.25256625710238,1.5721014722634994,12.481973319979849,0.017808152207400396,0.01195442769676447,0.7689859867095947,4
5.501020722857888,5.382177059521595,1.4424906698442843,8.310737515300055,0.006747812184330071,0.011631343513727188,0.7789726257324219,5
7.038266767044028,5.914832973198081,0.9098347561677986,8.421769645548604,0.07054935864642176,0.3808489441871643,1.4647231101989746,6
7.694805599166482,6.178019133569242,0.6466485957966377,1055.342696459206,0.05158981540159102,0.1161760538816452,2.633162021636963,7
