complexity,accuracy,distortion,mse,gNID,eps,beta,run
0.8582965537994545,0.3279070063662486,1.584120829479699,9.570188814203489,0.734838217496872,-0.1993391215801239,2.9893529415130615,0
