complexity,accuracy,distortion,mse,run
6.034782596999756,3.4657396350809417,0.015033337025991855,,0
