complexity,accuracy,distortion,mse,gNID,eps,beta,run
5.336627,2.3095655,1.1712074,1527.859,0.161185622215271,0.05243554338812828,15.199466705322266,0
