complexity,accuracy,distortion,mse,run
4.0772361789782146,3.8093870076047285,1.1423115160998791,,0
