complexity,accuracy,distortion,mse,sender_delta,receiver_delta,min_epsilon,min_beta,run
4.074028708699566,3.8044284031168063,21.15942166725354,6.056347525033553,0.2009466821493186,0.2132251833991588,0.002780910540520316,1.4728643216080402,0
