complexity,accuracy,distortion,mse,gNID,eps,beta,run
3.2209528834887866,3.1757235338331906,1.9359477940433385,14.7354467062859,[0.0001675679531532026],-0.0001990193132590533,0.7413827655310621,0
