complexity,accuracy,distortion,mse,gNID,eps,beta,run
4.6423664,3.3585196,0.12225342,11.517884,0.0015186667442321777,0.00021075294353067875,4.440293312072754,0
