complexity,accuracy,distortion,mse,gNID,eps,beta,run
3.0062904,2.7301254,0.75064754,27.985165,0.006102561950683594,0.010323121212422848,1.0246831178665161,0
