complexity,accuracy,distortion,mse,gNID,eps,beta,run
3.0064802,2.7302456,0.7505274,27.981209,0.00022667646408081055,0.00041486721602268517,1.0419546365737915,0
