complexity,accuracy,distortion,mse,round,run
0.47318697,0.16814137,1.7438865,16.511513,0.0,1.0
5.38826e-05,5.00679e-05,1.9119778,16.354248,1.0,1.0
0.0,0.0,1.9120283,16.354914,2.0,1.0
0.0,0.0,1.9120278,16.35492,3.0,1.0
4.7683716e-07,0.0,1.9120278,16.354918,4.0,1.0
