complexity,accuracy,distortion,mse,gNID,eps,beta,run
3.978925691865254,3.8501014101167694,1.2615699179640476,5.731312485370586,[0.00010368137416960632],-0.000236140527166908,0.8349397590361447,0
