complexity,accuracy,distortion,mse,run
2.359635562521369,2.3472100660460136,2.7644612620643336,,0
