complexity,accuracy,distortion,mse,gNID,eps,beta,run
1.4943352,1.4914045,3.620266,164.92168,0.3026713728904724,-0.052690289914608,0.7257104516029358,0
