complexity,accuracy,distortion,mse,gNID,eps,beta,run
0.0,1.9073486e-06,0.41582298,1.4526371,,-0.000380733166821301,0.009999999776482582,0
