complexity,accuracy,distortion,mse,gNID,eps,beta,run
2.3164525,1.629652,0.28237534,1.3467456,0.02576392889022827,-0.012864919379353523,2.0872247219085693,0
