complexity,accuracy,distortion,mse,run
0.03170657642276886,0.029825372756035584,1.8822024630899117,,0
