complexity,accuracy,distortion,mse,run
2.4092586592416865e-08,-4.127854502655737e-09,1.9120278399738018,,0
