complexity,accuracy,distortion,mse,gNID,eps,beta,run
4.7683716e-07,0.0,1.9120283,16.354805,,8.42069221107522e-06,0.053275518119335175,0
