complexity,accuracy,distortion,mse,gNID,eps,beta,run
3.0256615,1.7462511,0.12178373,1.208235,0.05172632048565495,-0.03337017074227333,3.412121295928955,0
