complexity,accuracy,distortion,mse,gNID,eps,beta,run
1.113950442999112e-08,1.0821617379974668e-08,1.9120276135816816,15.596580112534795,[nan],9.598304888791685e-10,0.6126506024096385,0
