complexity,accuracy,distortion,mse,gNID,eps,beta,run
0.34699297,0.32728815,1.5847397,9.595055,0.06140106916427612,-0.01159780565649271,0.7589993476867676,0
