complexity,accuracy,distortion,mse,run
5.048745409691399,4.587638469831903,0.5240328583244587,,0
