complexity,accuracy,distortion,mse,sender_delta,receiver_delta,min_epsilon,min_beta,run
4.475375900030338,4.233792543849795,0.8778787841746443,3.356465886121065,0.081912539165049,0.0527230077421131,0.00016982201529981757,1.4122120077768083,0
