complexity,accuracy,distortion,mse,sender_delta,receiver_delta,gNID,eps,beta,run
4.477481644931533,4.235341133883631,0.876330194101099,3.350922725193507,0.025122933937916075,0.016243452476927798,,,,0
