complexity,accuracy,distortion,mse,gNID,eps,beta,run
4.476913891576521,4.234739759292388,0.8769315686229717,3.352337206171878,0.07556625349295587,,1.3282282282282283,0
