complexity,accuracy,distortion,mse,gNID,eps,beta,run
6.178012,4.9601746,0.15149593,1.1938375,0.03288060426712036,-0.027821961790323257,2.9394195079803467,0
