complexity,accuracy,distortion,mse,gNID,eps,beta,run
6.376307,3.2608566,0.21991634,183.40782,0.024851679801940918,0.0031406956259161234,34.32688522338867,0
