complexity,accuracy,distortion,mse,run
2.074808820941647,1.561739817691982,0.3502880181539654,,0
