complexity,accuracy,distortion,mse,gNID,eps,beta,run
3.1218967,1.8537793,0.058248043,0.98777634,0.03467684984207153,-0.011140191927552223,3.921441078186035,0
