complexity,accuracy,distortion,mse,run
6.1662817923622875,3.4700357183568524,0.010737253750081166,,0
