complexity,accuracy,distortion,mse,gNID,eps,beta,run
5.8859987,2.7746487,0.7061243,1373.4431,0.08030670881271362,0.01787230744957924,23.226150512695312,0
