complexity,accuracy
1.502214,1.2571392
1.4953403,1.2528048
1.5020804,1.2570724
1.5016928,1.2569251
1.5019927,1.2570233
1.5017176,1.2569423
1.5017452,1.2569618
1.5017066,1.2568607
