complexity,accuracy
1.5190177,1.270102
1.5261335,1.274374
0.849843,0.76271915
1.520555,1.2710257
1.5176725,1.2690015
1.5206919,1.2711082
1.5263357,1.2745037
1.5120664,1.2656789
