complexity,mse
0.8842211,2.323879
0.8918991,2.2929456
0.58601093,4.854863
0.89190865,2.2929127
0.88988066,2.3010776
0.88676596,2.313377
0.88916206,2.303922
0.88910866,2.304123
