complexity,accuracy,distortion,mse,gNID,eps,beta,run
1.3448639,1.157238,0.76062775,270.52325,-0.00045049190521240234,-0.007190101779997349,1.0219813585281372,0
