complexity,accuracy,distortion,mse,gNID,eps,beta,run
0.0,0.0,1.9120283,15.1555605,-1.0,2.265259354317095e-05,0.019986657425761223,0
