complexity,accuracy,distortion,mse,round,run
4.7683716e-07,4.7683716e-07,1.8680348,6.313385,0.0,1.0
0.0,4.7683716e-07,1.8680348,6.313385,1.0,1.0
0.0,4.7683716e-07,1.8680348,6.313385,2.0,1.0
