complexity,accuracy,distortion,mse,run
0.024602941522783084,0.007572512959015398,0.40825237717770335,,0
