complexity,accuracy,distortion,mse,gNID,eps,beta,run
0.113759995,0.0022735596,0.41355133,1.4507422,0.8190255165100098,0.047369733452796936,1.9940160512924194,0
