complexity,accuracy,distortion,mse,gNID,eps,beta,run
0.0,0.0,1.8680358,6.313385,-8.539760560220602,-8.647780487081036e-05,0.3861640989780426,0
