complexity,accuracy,distortion,mse,gNID,eps,beta,run
1.4942546,1.4913259,3.6203446,164.93806,0.3026781678199768,-0.052690289914608,0.7257104516029358,0
