complexity,accuracy,distortion,mse,gNID,eps,beta,run
7.6284723,0.4140005,0.001824379,1.1529814,0.9065175727009773,1.332155466079712,5.0,0
