complexity,accuracy,distortion,mse,round,run
3.2508376,1.6956768,0.17235804,1.4456153,0.0,1.0
0.0014309883,0.0011916161,1.8668432,6.308218,1.0,1.0
4.7683716e-06,4.2915344e-06,1.8680305,6.3133674,2.0,1.0
0.0,4.7683716e-07,1.8680344,6.313385,3.0,1.0
0.0,4.7683716e-07,1.8680344,6.313385,4.0,1.0
0.0,4.7683716e-07,1.8680344,6.313385,5.0,1.0
