complexity,accuracy,distortion,mse,gNID,eps,beta,run
1.504238035328906,1.2601210415085191,0.6519065801253898,2.2939356341837693,[0.004161309594720053],0.006979822597893641,1.0861861861861861,0
