complexity,accuracy,distortion,mse,gNID,eps,beta,run
6.4163065,3.2811155,0.19965744,103.55776,0.021188735961914062,0.0029492583125829697,35.94929885864258,0
