complexity,accuracy,distortion,mse,gNID,eps,beta,run
4.625353276685809,4.336265586409688,0.7754057416303493,2.912040579444388,[0.0010529198824782426],-0.0016286268810022854,1.048948948948949,0
