complexity,accuracy,distortion,mse,gNID,eps,beta,run
2.7219286,1.425569,0.48645878,10.373174,0.13629823923110962,0.06502791494131088,2.9261040687561035,0
