complexity,accuracy,distortion,mse,gNID,eps,beta,run
4.624852121394797,4.335942991203188,0.775728336639391,2.9129436465784453,[0.001108411365843609],-0.0017988545506387186,1.048948948948949,0
