complexity,accuracy,distortion,mse,run
-1.2585378073026732e-08,-5.575074624175613e-09,0.4158248957117934,,0
