complexity,accuracy,distortion,mse,gNID,eps,beta,run
6.249829,4.997677,0.113993645,1.1685387,0.026115834712982178,-0.023449858650565147,3.022641658782959,0
