complexity,accuracy,distortion,mse,gNID,eps,beta,run
2.8909757,1.7027378,0.16529703,1.2994456,0.06479430394479901,-0.028891008347272873,3.089219570159912,0
