complexity,accuracy,distortion,mse,gNID,eps,beta,run
6.9892645,0.26911163,0.14671326,1.4395373,0.9341121092438698,1.2332916259765625,5.0,0
