complexity,accuracy,distortion,mse,gNID,eps,beta,run
5.7775416451022465e-08,8.851412935939608e-08,3.480772883592804,1666.4999367422424,,-9.568957182182203e-09,0.08539026230573654,0
