complexity,accuracy,distortion,mse,gNID,eps,beta,run
4.625372323890085,4.336277898992943,0.7753934291090694,2.91204595552026,[0.0010514881987052638],-0.0016222065689557668,1.048948948948949,0
