complexity,accuracy,distortion,mse,gNID,eps,beta,run
0.34358025,0.34156322,3.1392097,942.1229,0.611534833908081,-0.011959780007600784,0.6831220984458923,0
