complexity,accuracy,distortion,mse,gNID,eps,beta,run
2.9462967,0.33915234,0.076672554,1.1952496,0.7165180146694183,0.4106895923614502,5.0,0
