complexity,accuracy,distortion,mse,gNID,eps,beta,run
4.661422480309952,4.627769213630351,2.196898515735528,21.138998628942826,0.013085762631854014,-0.03835244104266167,0.7356971502304077,0
4.661566760590841,4.62790737358578,2.1967603557801,21.134854234714336,0.013063537423130711,-0.0383441187441349,0.7356971502304077,1
4.661496059181557,4.6278399944804995,2.19682773488538,21.136773462426632,0.013074120497017727,-0.03834863752126694,0.7356971502304077,2
4.661528648921205,4.6278710486542405,2.196796680711639,21.135854859459492,0.013069258914696569,-0.0383465513586998,0.7356971502304077,3
4.661609552307512,4.62794785918622,2.19671987017966,21.133858582211104,0.01305781317399346,-0.038340985774993896,0.7356971502304077,4
4.661605541958425,4.627943754527298,2.196723974838582,21.13407638310467,0.013058702787689724,-0.03834085911512375,0.7356971502304077,5
4.66143396010532,4.627780016525804,2.1968877128400752,21.138799453463697,0.013084061819324089,-0.03835152089595795,0.7356971502304077,6
4.6507855040967545,4.617573672130332,2.2070940572355475,21.44513139655933,0.014729276844587025,-0.03895246237516403,0.7356971502304077,7
