complexity,accuracy,distortion,mse,run
6.513872128527445,5.090120610377266,0.021549883702324024,,0
