complexity,accuracy,distortion,mse,gNID,eps,beta,run
6.4163065,4.884122,0.22754955,144.29512,0.02032548189163208,0.030700530856847763,3.53196120262146,0
