complexity,accuracy,distortion,mse,run
6.503514567592838,3.4785497784008044,0.002223193706129223,,0
