complexity,accuracy,distortion,mse,gNID,eps,beta,run
6.4038553,3.2581444,0.2226286,245.77731,0.02220255136489868,0.003415581537410617,35.351566314697266,0
