complexity,accuracy,distortion,mse,run
0.34853720467542004,0.28827402633991817,1.579761290127367,,0
