complexity,accuracy,distortion,mse,gNID,eps,beta,run
4.7683716e-07,4.7683716e-07,1.8680344,6.313384,0.9999997182220333,-0.07358866930007935,0.81891930103302,0
