complexity,accuracy
1.5085692,1.2612953
1.5085683,1.2612953
1.5017595,1.2569728
1.5020347,1.2570462
1.5085697,1.2612948
1.5020313,1.2570443
1.5085688,1.2612948
1.501451,1.2567315
