complexity,accuracy
1.5205746,1.2710376
1.5206985,1.271111
0.84984255,0.76271915
1.5176334,1.2691607
1.526092,1.2743487
1.5207348,1.2711334
1.5207181,1.2711229
1.5156612,1.2680922
