complexity,accuracy
1.5085688,1.2612953
1.5085688,1.2612944
1.4949389,1.2525487
1.5019932,1.2570243
1.502214,1.2571397
1.5016336,1.2568822
1.5085688,1.2612948
1.5085697,1.2612948
