complexity,accuracy,distortion,mse,gNID,eps,beta,run
4.849332,0.390769,0.025055885,1.1644003,0.8479597866535187,0.780973494052887,5.0,0
