complexity,accuracy,distortion,mse,gNID,eps,beta,run
0.29375744,0.29375744,6.348672,1008.0831,0.8631826192140579,-0.00016380625311285257,0.6657904982566833,0
