complexity,accuracy,distortion,mse,gNID,eps,beta,run
0.29375744,0.29358578,4.8180857,1008.4408,0.5853306353092194,-0.02263093926012516,0.689092755317688,0
