complexity,accuracy,distortion,mse,run
6.041127936110229,4.972424731735064,0.13924576234452601,,0
