complexity,accuracy,distortion,mse,gNID,eps,beta,run
5.7260065,4.7826066,0.3290639,1.4615042,0.05545210838317871,-0.0528663694858551,2.370180130004883,0
