complexity,accuracy,distortion,mse,gNID,eps,beta,run
4.7683716e-07,4.7683716e-07,1.8680348,6.313385,1.0000000216005938,-0.3278614282608032,5.0,0
