complexity,accuracy,distortion,mse,gNID,eps,beta,run
1.5060172,1.2621441,0.64988375,2.3202066,0.004720070541208599,-0.004326033405959606,1.1151901483535767,0
