complexity,accuracy,distortion,mse,gNID,eps,beta,run
4.7683716e-07,0.0,1.9120278,16.354918,0.0,-4.6112331801850814e-06,0.10986657440662384,0
