complexity,accuracy,distortion,mse,gNID,eps,beta,run
3.0064802,2.7302437,0.7505293,27.98123,0.000957787036895752,0.0015531085664406419,1.0396395921707153,0
