complexity,accuracy,distortion,mse,run
3.3911299384829396,1.8381602423215178,0.0298750741457674,,0
