complexity,accuracy
0.68697023,0.63659716
0.6838031,0.6338601
0.68557644,0.6353922
0.6874051,0.6369691
0.6857734,0.6355605
0.6874199,0.6369786
0.68842983,0.6378541
0.68554306,0.6353626
