complexity,accuracy,distortion,mse,gNID,eps,beta,run
2.602128,0.32451916,0.09130573,1.1977314,0.6774789392948151,0.34478268027305603,5.0,0
