complexity,accuracy,distortion,mse,gNID,eps,beta,run
0.34683895,0.34663582,4.7650356,934.69995,0.58570396900177,-0.02548918128013611,0.6924216151237488,0
