complexity,accuracy,distortion,mse,gNID,eps,beta,run
4.477049799076923,4.234842550198634,0.8768287780954012,3.3519960574506897,[0.0014770307175684394],-0.0031017229244888,0.9837837837837838,0
