complexity,accuracy,distortion,mse,gNID,eps,beta,run
3.0063295,2.9731998,2.1384706,19.755804,0.01925283670425415,-0.029149126261472702,0.7423549294471741,0
