complexity,accuracy,distortion,mse,gNID,eps,beta,run
3.3868127,3.3294144,1.7822561,11.784094,0.006383955478668213,-0.01518703531473875,0.755670428276062,0
