complexity,accuracy,distortion,mse,run
3.223392591582609,3.1780156923742187,1.9336556357915047,,0
