complexity,accuracy,distortion,mse,gNID,eps,beta,run
3.221034242446308,3.175799677129474,1.935871650849938,14.734609610221195,[0.00015758188312664512],-0.00019198426599073266,0.7413827655310621,0
