complexity,accuracy,distortion,mse,run
4.079953108680641,3.932174300577703,1.1794961935018868,,0
