complexity,accuracy,distortion,mse,gNID,eps,beta,run
4.0677586,3.9231186,1.1885519,5.176759,0.001238405704498291,-0.003770433133468032,0.832234799861908,0
