complexity,accuracy,distortion,mse,gNID,eps,beta,run
4.067046970396483,3.922411043059323,1.1892602850555145,5.179041579890423,[0.0003155305405830866],0.0005633554342325581,0.8530120481927712,0
