complexity,accuracy,distortion,mse,run
5.820072339865963,3.4574298178839715,0.02334315422296207,,0
