complexity,accuracy,distortion,mse,gNID,eps,beta,run
5.454881,3.4232311,0.057541847,10.162968,0.05895513296127319,-0.01918918453156948,17.24883270263672,0
