complexity,accuracy
1.5206976,1.271111
1.5261397,1.2743773
0.849843,0.7627187
1.5207906,1.2711668
1.5261097,1.2743587
1.5207086,1.2711172
1.5124292,1.2659073
1.5119538,1.2656045
