complexity,accuracy
1.5085697,1.2612944
1.5017366,1.2569566
1.5085692,1.2612963
1.5022149,1.2571397
1.5085692,1.2612948
1.5016317,1.2568183
1.5016556,1.2568974
1.5085692,1.2612944
