complexity,accuracy
0.84984326,0.7627187
1.2564049,1.0890796
0.84984326,0.7627187
1.2564044,1.0890796
1.451061,1.22721
0.0,0.0
0.84984255,0.7627187
1.2564046,1.0890794
