complexity,accuracy,distortion,mse,gNID,eps,beta,run
0.34358025,0.34358025,6.298849,938.7418,0.8651066571474075,-0.0001652386417845264,0.6657904982566833,0
