complexity,accuracy,distortion,mse,run
1.5038491934789215,1.2618208326735996,0.6502067910746812,,0
