complexity,accuracy,distortion,mse,gNID,eps,beta,run
0.34684086,0.32705498,1.5908108,966.5779,0.010578393936157227,-0.008534496650099754,0.755670428276062,0
