complexity,accuracy,distortion,mse,gNID,eps,beta,run
4.62537266211519,4.336278265726586,0.7753930622930909,2.9119923896513864,[0.0010479523548565517],-0.0016222337074767307,1.048948948948949,0
