complexity,accuracy,distortion,mse,gNID,eps,beta,run
3.1219263,1.7121487,0.19987917,3.4060528,0.03703993558883667,0.024914011359214783,3.924769878387451,0
