complexity,accuracy,distortion,mse,gNID,eps,beta,run
5.481372386579711,0.3845180528833349,0.0313068372533837,1.1631285265915947,0.8786377236247063,0.9086319804191589,5.0,0
