complexity,mse
6.3563075,235.07999
6.416308,91.213326
0.0,1666.5017
6.3963075,171.26334
6.356307,187.50334
6.2963076,358.1833
6.348759,296.24332
6.3163075,414.59332
