complexity,accuracy,distortion,mse,sender_delta,receiver_delta,min_epsilon,min_beta,run
4.624453702460642,4.33591399748247,0.7757573304384984,2.9138446665421363,0.0453735049495792,0.0289488278929802,0.0002760439939595532,1.5089633048492863,0
