complexity,accuracy,distortion,mse,gNID,eps,beta,run
1.9073486e-06,0.0,0.4158249,1.452638,,0.00014365147217176855,0.013328885659575462,0
