complexity,accuracy,distortion,mse,gNID,eps,beta,run
0.3334093,0.33340836,6.3104477,952.57697,0.8590252846479416,0.0,0.6657904982566833,0
