complexity,accuracy,distortion,mse,run
1.4634507123584921,1.2326002942708136,0.6852654589030145,,0
