complexity,accuracy,distortion,mse,round,run
2.7219281,1.7386503,0.17337751,22.475857,0.0,1.0
2.39881,1.4236999,0.48832798,9.421821,1.0,1.0
2.3219295,1.2124095,0.69961834,11.175738,2.0,1.0
2.1835163,1.1728063,0.7392216,11.033511,3.0,1.0
2.1219282,1.1541576,0.7578702,10.884728,4.0,1.0
