complexity,accuracy,distortion,mse,gNID,eps,beta,run
0.0,0.0,0.4158249,1.452638,-1.0,-7.130885205697268e-05,0.026644429191946983,0
