complexity,accuracy,distortion,mse,gNID,eps,beta,run
0.0,0.0,0.41582584,1.4478852,,4.121883830521256e-05,0.023315543308854103,0
