complexity,accuracy,distortion,mse,gNID,eps,beta,run
6.3887587,4.857954,0.25371742,313.89844,0.02295827865600586,0.034945763647556305,3.4420814514160156,0
