complexity,accuracy,distortion,mse,gNID,eps,beta,run
4.470991047619313,4.230398768923321,0.8812725591510375,3.3678386673163025,[0.0011791965385168357],0.0021316948168407113,0.9744744744744744,0
