complexity,accuracy,distortion,mse,run
5.620204252894083,3.4482543637502143,0.03251860835671927,,0
