complexity,accuracy,distortion,mse,gNID,eps,beta,run
6.4014187,4.8715,0.24017143,245.62738,0.021417617797851562,0.03289935365319252,3.475370168685913,0
