complexity,accuracy,distortion,mse,run
2.8720439190500233,1.7282654459027214,0.1397698705645638,,0
