complexity,accuracy,distortion,mse,run
4.593991994064355,4.315856084692669,0.7958152431739531,,0
