complexity,accuracy,distortion,mse,gNID,eps,beta,run
1.4725547,1.241374,0.67649174,241.35101,0.0002709627151489258,-0.004272123333066702,1.0952168703079224,0
