complexity,accuracy,distortion,mse,run
3.970984398138425,3.843493967615151,1.2681773606865807,,0
