complexity,accuracy,distortion,mse,gNID,eps,beta,run
2.427281086874215,2.4134462771655514,2.698225050905071,43.26224628951109,[0.0003889769818915534],-0.00010795691497697738,0.7083967935871743,0
