complexity,accuracy,distortion,mse,trial
1.2001052,1.0538864,0.8581414,2.5050786,0
1.2000847,1.0538707,0.85815716,2.5051594,1
0.8135114,0.73807144,1.1739564,4.5842614,2
1.1999412,1.0537596,0.85826826,2.5057464,3
1.1997652,1.0536251,0.8584027,2.5064492,4
1.1998577,1.0536971,0.8583307,2.5060763,5
1.200109,1.0538888,0.85813904,2.5050647,6
1.2001123,1.0538917,0.8581357,2.505052,7
