complexity,accuracy,distortion,mse,trial
1.2001038,1.0538859,0.8581419,2.505084,0
1.2000785,1.0538659,0.8581619,2.5051844,1
0.8135114,0.73807144,1.1739564,4.5842614,2
1.2001061,1.0538878,0.85814,2.5050778,3
1.1999102,1.0537367,0.85829115,2.5058675,4
1.2001119,1.0538912,0.85813665,2.5050528,5
1.1999965,1.053802,0.8582258,2.5055244,6
1.2001104,1.0538907,0.85813713,2.5050588,7
