complexity,accuracy,distortion,mse,run
3.2233925914192127,3.178015692301246,1.9336556355653922,,0
