complexity,accuracy,distortion,mse,gNID,eps,beta,run
1.5260754,1.2743392,0.63768816,2.2786806,0.0020904541015625,-0.0007814751588739455,1.1185190677642822,0
