complexity,accuracy,distortion,mse,gNID,eps,beta,run
0.3334093,0.31449795,1.6033678,984.6381,0.004121065139770508,-0.007883002050220966,0.7523415684700012,0
