,complexity,accuracy,distortion,mse,gNID,eps,beta,run,discr_need
0,6.85950824834771,5.3735147843697995,1.45115294499608,8111.565682698992,0.1455427577536776,0.3811998069286346,1.8542027473449707,0,10.0
1,7.268911099577151,5.814390151616159,1.0102775777497204,6209.200445643299,0.0907737007472352,0.2097479999065399,2.190420389175415,1,10.0
2,6.94414786940359,5.472639813610487,1.352027915755393,8010.744245670111,0.1321698978283257,0.3400579690933227,1.9207805395126345,2,10.0
3,6.7025031224102545,5.231709432398773,1.5929582969671063,8739.366818215512,0.1672657914800741,0.3977269232273102,1.807598352432251,3,10.0
4,6.8903237170015785,5.408713608269878,1.4159541210960018,7957.373560356555,0.1408466969030668,0.3634101450443268,1.8841627836227417,4,10.0
5,6.6925053618343995,5.219954814171439,1.6047129151944404,9512.863345528436,0.1688129478167683,0.3620409071445465,1.8775049448013303,5,10.0
6,7.056528702024199,5.565606216241342,1.2590615131245375,8094.883904557263,0.1189044736686841,0.3062252402305603,1.990687131881714,6,10.0
7,6.927288418643959,5.440013098096774,1.3846546312691057,8089.536152255716,0.136035791482366,0.3482667803764343,1.9207805395126345,7,10.0
