,complexity,accuracy,distortion,mse,gNID,eps,beta,run,discr_need
0,4.67959289281916,4.645075703782972,2.179592025582908,20.640850935594077,0.0131360819628419,-0.0371781475841999,0.7356971502304077,0,10.0
1,4.679590941020603,4.645073844553325,2.1795938848125544,20.640922467000884,0.0131356341059978,-0.03717827424407,0.7356971502304077,1,10.0
2,4.679633158680819,4.645113532614118,2.179554196751761,20.640022477453407,0.0131374293484277,-0.0371748358011245,0.7356971502304077,2,10.0
3,4.679566145490675,4.645050017689014,2.179617711676866,20.64159710395422,0.0131347233218584,-0.0371795929968357,0.7356971502304077,3,10.0
4,4.679590914085086,4.645073595993882,2.1795941333719977,20.64101374608168,0.013135284381148,-0.0371779724955558,0.7356971502304077,4,10.0
5,4.679560080339099,4.645044573319909,2.1796231560459702,20.641620986075772,0.0131345995141481,-0.0371804349124431,0.7356971502304077,5,10.0
6,4.679645741079396,4.645125611430782,2.179542117935098,20.639640912137487,0.0131384184019657,-0.0371741540729999,0.7356971502304077,6,10.0
7,4.679603124032905,4.645085292513883,2.1795824368519963,20.64066245019948,0.0131360871410363,-0.03717727586627,0.7356971502304077,7,10.0
