,complexity,accuracy,distortion,mse,gNID,eps,beta,run,discr_need
0,4.562396069918263,1.813415877410984,2.557784255403817,17597.295240830164,0.4382705852116766,0.2120439112186432,4.933422088623047,0,1.0
1,4.567498194347683,1.8226398035334412,2.5485603292813597,17623.52472298182,0.4326780223896097,0.2112084329128265,4.933422088623047,1,1.0
2,4.780298163375164,1.97225655335399,2.398943579460811,17572.797903000515,0.4048970729398884,0.2240156084299087,4.933422088623047,2,1.0
3,5.072739374861063,2.198861614822345,2.172338517992456,17511.92980343745,0.3586453786201543,0.2373605370521545,4.933422088623047,3,1.0
4,5.397935691974826,2.5009600340202525,1.8702400987945484,17349.21898871686,0.3016814682071914,0.2420424520969391,4.933422088623047,4,1.0
5,5.766940165718667,2.823063370239476,1.548136762575325,17183.50895921186,0.2412937482752923,0.2678921520709991,4.733689308166504,5,1.0
6,6.037677265575782,3.0693497779465524,1.3018503548682483,17061.687746720854,0.1949230699637015,0.2717095017433166,4.740346908569336,6,1.0
7,5.632967051296557,2.697370736171676,1.673829396643125,17207.16665636947,0.2625885912745914,0.2498708367347717,4.933422088623047,7,1.0
