,complexity,accuracy,distortion,mse,gNID,eps,beta,run,discr_need
0,7.015606682864979,5.500460121837893,1.3242076075279865,7436.349566846635,0.1272352292572798,0.3199124634265899,1.9873582124710083,0,10.0
1,7.321541836220829,5.793294591198968,1.0313731381669111,6557.921718583373,0.0904230235457386,0.218961700797081,2.260326862335205,1,10.0
2,7.397592412255056,5.860671109536957,0.9639966198289224,7788.554294494145,0.0825681406189485,0.1993052363395691,2.3335623741149902,2,10.0
3,7.362792647344319,5.8301741119411545,0.994493617424725,6417.0582994503875,0.0861048199227475,0.2078726291656494,2.3002734184265137,3,10.0
4,7.270357968924236,5.739584547171118,1.0850831821947615,7013.9776291977305,0.0966075092964571,0.2361126393079757,2.213722467422486,4,10.0
5,7.045138213974299,5.523491553135228,1.3011761762306513,9677.515859964056,0.123578294340504,0.3157240748405456,2.004002571105957,5,10.0
6,7.128373636052929,5.612279261999458,1.2123884673664218,7779.785302707512,0.1125138160831143,0.2803301811218261,2.0805671215057373,6,10.0
7,6.781874676741937,5.260444199832596,1.5642235295332831,9176.32986875846,0.1605843219771174,0.3593392074108124,1.934096097946167,7,10.0
