,complexity,accuracy,distortion,mse,gNID,eps,beta,run,discr_need
0,1.549526247420225,1.549228248916959,5.27543948044892,1673.6452863275176,0.4933017514448958,-0.0663154944777488,0.7157238125801086,0,10.0
1,1.5495685547456688,1.5492705330522192,5.27539719631366,1673.545883257394,0.4932839110096945,-0.0663154646754264,0.7157238125801086,1,10.0
2,1.5495507332550371,1.5492527225040345,5.275415006861845,1673.5850042661973,0.4932913999886548,-0.0663154795765876,0.7157238125801086,2,10.0
3,1.5495588306212955,1.5492608151700011,5.275406914195878,1673.5669463206605,0.4932880685555346,-0.0663154795765876,0.7157238125801086,3,10.0
4,1.5495891330756386,1.5492911006841386,5.275376628681741,1673.496749933105,0.4932751847564767,-0.0663154497742652,0.7157238125801086,4,10.0
5,1.5495577512959304,1.5492597346564168,5.275407994709463,1673.572771747516,0.4932881525236567,-0.066315472126007,0.7157238125801086,5,10.0
6,1.5495570373324217,1.5492590209840404,5.275408708381839,1673.575636540625,0.4932884871680701,-0.066315472126007,0.7157238125801086,6,10.0
7,1.549652020406322,1.5493539505950782,5.275313778770801,1673.3543024153855,0.493248122621689,-0.0663153976202011,0.7157238125801086,7,10.0
