complexity,accuracy,distortion,mse,gNID,eps,beta,run
4.625233507026037,4.33618911429863,0.7754822137442829,2.912292568588727,[0.001064972228300487],-0.001669903910404033,1.048948948948949,0
