complexity,accuracy,distortion,mse,run
6.454656649443885,3.4775420187137183,0.00323095339321533,,0
