complexity,accuracy,distortion,mse,run
0.10115343954355183,0.030363566912974704,0.38546132322374405,,0
