complexity,accuracy,distortion,mse,gNID,eps,beta,run
0.12594604,0.03217697,0.38364792,1.3889586,0.03825932741165161,0.01028752513229847,2.2336957454681396,0
