complexity,accuracy,distortion,mse,gNID,eps,beta,run
1.4988995,1.495944,3.6157265,164.0647,0.30264681577682495,-0.05265480652451515,0.7257104516029358,0
