complexity,accuracy,distortion,mse,gNID,eps,beta,run
0.0,0.0,0.41582584,1.452638,,-6.036586341906514e-08,0.3029419481754303,0
