complexity,accuracy,distortion,mse,gNID,eps,beta,run
6.265173,3.4682121,0.012559891,9.858809,0.02458178997039795,-0.004233365412801504,30.228151321411133,0
