complexity,accuracy,distortion,mse,gNID,eps,beta,run
2.8657598,2.6352463,0.8455267,31.877663,0.02139127254486084,0.028663521632552147,0.939292848110199,0
