complexity,accuracy,distortion,mse,run
3.2213671377867943,3.1761221153281483,1.935549212837575,,0
