complexity,accuracy,distortion,mse,gNID,eps,beta,run
3.3571558,3.2621813,1.8494892,15.959318,0.06593519294670036,0.02071455679833889,0.7656571269035339,0
