complexity,accuracy,distortion,mse,run
4.624555947971928,4.3362577967975415,0.7754135312164365,,0
