complexity,accuracy,distortion,mse,gNID,eps,beta,run
2.7218752,1.7379646,0.1740632,1.1791414,0.10855823755264282,-0.04175194352865219,2.9261040687561035,0
