complexity,accuracy,distortion,mse,gNID,eps,beta,run
0.5905108021544336,0.5905108021544301,6.053345246429554,1178.864954507444,0.721164345741272,2.6416259824924623e-15,0.6724482774734497,0
