complexity,accuracy,distortion,mse,gNID,eps,beta,run
0.0,9.536743e-07,0.41582394,1.4518363,-1.0,-5.488895112648606e-05,0.9753769040107727,0
