complexity,accuracy,distortion,mse,gNID,eps,beta,run
6.1622124,3.4637594,0.01701355,9.884365,0.02656024694442749,-0.0050600552931427956,26.983322143554688,0
