complexity,accuracy,distortion,mse,gNID,eps,beta,run
6.292226,3.469594,0.01117897,9.8494835,0.020191967487335205,-0.0032329505775123835,30.14276123046875,0
