complexity,accuracy,distortion,mse,gNID,eps,beta,run
4.641738,4.346999,0.7646713,2.8723435,9.691715240478516e-05,0.00041477911872789264,1.015323519706726,0
