complexity,accuracy,distortion,mse,gNID,eps,beta,run
0.0,0.0,0.41582584,1.4518363,,4.808406447409652e-05,0.019986657425761223,0
