complexity,accuracy,distortion,mse,gNID,eps,beta,run
5.150249,3.3598967,0.12087631,11.572405,0.07347351312637329,-0.022210320457816124,12.893929481506348,0
