complexity,accuracy,distortion,mse,run
4.799207205077639,4.446565684268233,0.665104809811357,,0
