complexity,accuracy,distortion,mse,gNID,eps,beta,run
4.3409567,3.8581924,1.253479,40.039837,0.13334280252456665,0.11703144758939743,1.111861228942871,0
