complexity,accuracy,distortion,mse,gNID,eps,beta,run
0.29375648,0.16014099,0.4060135,1248.37,0.008738696575164795,-0.0013933386653661728,1.3648566007614136,0
