complexity,accuracy,distortion,mse,gNID,eps,beta,run
2.4261060308911677,2.412296205342768,2.6993751225092577,43.29985456243848,[0.00033094061465843705],-6.262449669146464e-05,0.7083366733466934,0
