complexity,accuracy,distortion,mse,gNID,eps,beta,run
0.089980125,0.08993149,5.02174,1328.8063,0.6023087799549103,-0.008240598253905773,0.6624616384506226,0
