complexity,accuracy,distortion,mse,round,run
9.536743e-07,0.0,1.9120274,16.399752,0.0,1.0
0.0,4.7683716e-07,1.9120269,16.021328,1.0,1.0
4.7683716e-07,0.0,1.9120278,16.017555,2.0,1.0
4.7683716e-07,0.0,1.9120274,16.017519,3.0,1.0
4.7683716e-07,0.0,1.9120278,16.017519,4.0,1.0
