complexity,accuracy,distortion,mse,gNID,eps,beta,run
6.261175,3.3529787,0.12779427,46.964615,0.028785109519958496,5.120315108797513e-05,29.28885841369629,0
