complexity,accuracy,distortion,mse,gNID,eps,beta,run
0.0,0.0,1.9120278,15.155559,,1.8540062228566967e-05,0.049946632236242294,0
