complexity,accuracy,distortion,mse,gNID,eps,beta,run
2.622086,1.699162,0.21286583,1.1334727,0.06899315118789673,-0.038219843059778214,2.7230420112609863,0
