complexity,accuracy,distortion,mse,run
3.5441248162678107,3.467994067958138,1.643676426121452,,0
