complexity,accuracy,distortion,mse,gNID,eps,beta,run
3.4187326,3.334012,1.7776585,13.722454,0.047991812229156494,0.011266681365668774,0.7623282074928284,0
