complexity,accuracy,distortion,mse,run
6.217700057994564,3.4715178511842293,0.009255120922704307,,0
