complexity,accuracy,distortion,mse,gNID,eps,beta,run
5.958563,2.8741713,0.60660076,1716.6947,0.07083970308303833,0.013848813250660896,24.421613693237305,0
