complexity,accuracy,distortion,mse,run
-8.56481818800603e-09,-4.3288892470627616e-09,0.415824894465608,,0
