complexity,accuracy,distortion,mse,gNID,eps,beta,run
1.4991474,1.4961905,3.61548,164.01172,0.3026260733604431,-0.05265086516737938,0.7257104516029358,0
