complexity,accuracy,distortion,mse,sender_delta,receiver_delta,min_epsilon,min_beta,run
4.116293096377798,3.8347893450217985,32.27777485782507,5.865318314444263,0.2010549748669469,0.1767858006797379,0.0008778613020961443,1.5010050251256282,0
