complexity,accuracy
1.5020266,1.2570419
1.5019875,1.2570205
1.5085692,1.2612953
1.5020013,1.2570281
1.5085683,1.2612948
1.501761,1.2568908
1.5017362,1.2569561
1.5020251,1.2570415
