complexity,accuracy,distortion,mse,gNID,eps,beta,run
4.627363,4.3376684,0.7740021,2.9083133,0.00042068958282470703,0.0011303998762741685,1.005336880683899,0
