complexity,accuracy,distortion,mse,run
4.6063302095150345,4.324127342470225,0.7875439855437527,,0
