complexity,accuracy,distortion,mse,gNID,eps,beta,run
4.618039466384852,4.3312454866346695,0.7804258415357896,2.9278737692894845,[0.001193758932701794],0.0022461373927677828,1.0396396396396397,0
