complexity,accuracy,distortion,mse,gNID,eps,beta,run
6.44195,4.911522,0.20014858,165.22328,0.01761782169342041,0.02645973488688469,3.6151833534240723,0
