complexity,accuracy,distortion,mse,gNID,eps,beta,run
3.3997288,3.3413744,1.7702961,11.674952,0.0040209293365478516,-0.013923117890954018,0.755670428276062,0
