complexity,accuracy,distortion,mse,gNID,eps,beta,run
4.625221485418436,4.33618048250656,0.7754908456055123,2.912268776450223,[0.0010644383666199575],-0.0016731356331558841,1.048948948948949,0
