complexity,accuracy,distortion,mse,run
0.27838656677389295,0.23113393680278094,1.6369013796645042,,0
