complexity,accuracy,distortion,mse,gNID,eps,beta,run
0.41623592,0.17048502,1.6975498,5.8212557,0.4944552628047617,0.24639692902565002,0.8056037425994873,0
