complexity,accuracy,distortion,mse,run
2.9647073882161425,1.750205774444411,0.1178295420228741,,0
