complexity,accuracy,distortion,mse,gNID,eps,beta,run
2.359858900027043,1.0446067747983596,0.8234280648317673,3.3802685253946674,0.3007857674469874,0.03427565097808838,2.9394195079803467,0
