complexity,accuracy,distortion,mse,round,run
2.6887221,1.224194,0.6438408,3.0396543,0.0,1.0
2.359859,1.0446068,0.8234281,3.3802686,1.0,1.0
