complexity,accuracy,distortion,mse,gNID,eps,beta,run
7.28924202320893,5.7489734938853605,1.075694235480519,7268.649831979724,,,,0
8.103428621417457,6.567785354407729,0.2568823749581508,2970.2656276415264,,,,1
8.133731653130768,6.596745936589805,0.22792179277607438,2128.6113379069157,,,,2
8.103428616495851,6.561842234177602,0.26282549518827736,2392.7618967957924,,,,3
8.129156573585108,6.587502081423045,0.23716564794283457,1789.8855967724858,,,,4
8.12915656446443,6.587875411135526,0.23679231823035352,1998.0628542745012,,,,5
8.064777448863435,6.523191056684768,0.3014766726811118,2921.838754705296,,,,6
2.461311376653999,2.1035078110133494,4.72115991835253,14133.862029784523,,,,7
