complexity,accuracy,distortion,mse,gNID,eps,beta,run
0.9713068,0.87634563,1.0415201,405.1492,0.00429844856262207,-0.010864725336432457,0.8821681141853333,0
