complexity,accuracy,distortion,mse,run
3.9648988451896052,3.837310064178844,1.2743604299007458,,0
