complexity,accuracy,distortion,mse,gNID,eps,beta,run
3.97891253156064,3.850090638651338,1.2615806894124866,5.731368498773232,[0.00010567939779193569],-0.00023900153957487667,0.8349397590361447,0
