complexity,accuracy,distortion,mse,run
5.197654324314524,5.121540739075378,1.7031269902905013,,0
5.197654324314524,5.121540739075378,1.7031269902905013,,1
5.197654324314524,5.121540739075378,1.7031269902905013,,2
5.197654324314524,5.121540739075378,1.7031269902905013,,3
5.197654324314524,5.121540739075378,1.7031269902905013,,4
5.197654324314524,5.121540739075378,1.7031269902905013,,5
5.197654324314524,5.121540739075378,1.7031269902905013,,6
5.126058554752035,5.052960717914056,1.7717070114518236,,7
