complexity,accuracy,distortion,mse,gNID,eps,beta,run
5.094538580859455,5.0335830283202245,1.791084701045655,11.991565904248391,0.0074585115107208555,-0.020237352699041367,0.7490126490592957,0
5.094641147331965,5.033676201779009,1.7909915275868702,11.990365901005216,0.007447428530559574,-0.020224811509251595,0.7490126490592957,1
5.093977087747824,5.033050507879047,1.791617221486833,12.002183727659975,0.007536197145464385,-0.020276034250855446,0.7490126490592957,2
5.097128249081965,5.035979594528392,1.7886881348374877,11.953675055715111,0.00716355531289925,-0.01997954398393631,0.7490126490592957,3
5.097057560047354,5.035910476077984,1.788757253287896,11.955954889931675,0.00718153393673393,-0.019981641322374344,0.7490126490592957,4
5.097044026373458,5.035896979999778,1.7887707493661011,11.956083441808708,0.007181488138526926,-0.019981691613793373,0.7490126490592957,5
5.096078760131128,5.035005796692596,1.7896619326732832,11.971037598760557,0.007296052601124869,-0.020080599933862686,0.7490126490592957,6
5.044907019260142,4.987267167547776,1.8374005618181035,12.833066560798787,0.004786722229966123,-0.020729945972561836,0.7456837892532349,7
