complexity,accuracy,distortion,mse,gNID,eps,beta,run
3.39256,2.9595346,0.5212383,20.086786,0.006478548049926758,0.01254312228411436,1.2808538675308228,0
