complexity,accuracy
0.4881897,0.458436
0.4883523,0.4585762
0.48815346,0.45840788
0.48825693,0.45849228
0.4881606,0.45841265
0.4881034,0.458364
0.4882412,0.45848227
0.48836946,0.45858812
