complexity,accuracy,distortion,mse,gNID,eps,beta,run
2.9537363,0.34000492,0.07581997,1.1903665,0.7182404696941376,0.41200757026672363,5.0,0
