complexity,accuracy,distortion,mse,round,run
4.9591064e-05,1.9073486e-05,1.9120088,16.403828,0.0,1.0
0.0,0.0,1.9120278,16.354809,1.0,1.0
0.0,0.0,1.9120283,16.354805,2.0,1.0
