complexity,accuracy,distortion,mse,gNID,eps,beta,run
4.477469755168144,4.235139525094359,0.8765318029867544,3.3510015204437233,[0.0014325198150907381],-0.0029767146096768096,0.9837837837837838,0
