complexity,accuracy,distortion,mse,gNID,eps,beta,run
4.1717205,0.37342072,0.042404175,1.1800919,0.8210879862308502,0.6489210724830627,5.0,0
