complexity,accuracy,distortion,mse,gNID,eps,beta,run
0.0,0.0,1.9120278,16.012987,,3.3968342904699966e-05,0.013328885659575462,0
