complexity,accuracy,distortion,mse,gNID,eps,beta,run
6.4145203,4.90364,0.20803165,213.86017,0.019374430179595947,0.026735667139291763,3.4886858463287354,0
