complexity,accuracy,distortion,mse,gNID,eps,beta,run
4.625383930312289,4.336285347954069,0.7753859799118334,2.9120061354466573,[0.0010507758727704708],-0.0016182431009800053,1.048948948948949,0
