complexity,accuracy,distortion,mse,run
0.0007563764959250818,0.00023495264170847463,0.4155899374950103,,0
