complexity,accuracy,distortion,mse,gNID,eps,beta,run
4.477471003139758,4.235143197440443,0.8765281305697314,3.350949379501552,[0.001428851262990527],-0.0029791789539868174,0.9837837837837838,0
