complexity,accuracy,distortion,mse,gNID,eps,beta,run
4.230159,3.8885202,1.2231503,8.947376,0.10759824514389038,0.027095012366771698,1.045283555984497,0
