complexity,accuracy,distortion,mse,gNID,eps,beta,run
3.0062847,2.9731588,2.1385117,19.756943,0.019262492656707764,-0.02915426529943943,0.7423549294471741,0
