complexity,accuracy,distortion,mse,gNID,eps,beta,run
5.960928,2.8886728,0.59210014,1640.754,0.0704997181892395,0.013351818546652794,24.421613693237305,0
