complexity,accuracy,distortion,mse,gNID,eps,beta,run
4.625421369086018,4.336310040219615,0.7753612878116325,2.9119169028724157,[0.001045716760633253],-0.0016060914201847525,1.048948948948949,0
