complexity,accuracy,distortion,mse,round,run
5.1498413e-05,1.859665e-05,1.9120092,16.400276,0.0,1.0
4.7683716e-07,0.0,1.9120283,16.02133,1.0,1.0
4.7683716e-07,4.7683716e-07,1.9120274,16.01756,2.0,1.0
9.536743e-07,0.0,1.9120278,16.017519,3.0,1.0
0.0,4.7683716e-07,1.9120274,16.017519,4.0,1.0
4.7683716e-07,0.0,1.9120278,16.017519,5.0,1.0
