complexity,accuracy,distortion,mse,run
4.475328620745428,4.233928876837764,0.8777424512725833,,0
