complexity,accuracy,distortion,mse,gNID,eps,beta,run
4.6408873,4.346464,0.7652073,2.874251,0.00018787384033203125,0.00010387702059233561,1.015323519706726,0
