complexity,accuracy,distortion,mse,sender_delta,receiver_delta,min_epsilon,min_beta,run
4.115648116466797,3.834501667212323,24.775613675553966,5.865098423519758,0.079045269912936,0.1035567556059999,0.0007358390844046438,1.5010050251256282,0
