complexity,accuracy,distortion,mse,gNID,eps,beta,run
9.536743e-07,0.0,1.9120283,15.307895,,6.97430587024428e-05,0.013328885659575462,0
