complexity,accuracy,distortion,mse,gNID,eps,beta,run
1.4988623,1.4699411,2.0108318,170.6736,0.13833087682724,-0.04049183428287506,0.7685123682022095,0
