complexity,accuracy,distortion,mse,gNID,eps,beta,run
1.1601128087114103,0.4590268151205752,1.453001020725372,13.027401201989472,0.6353687345981598,-0.12741492688655853,2.7996063232421875,0
