complexity,accuracy,distortion,mse,run
3.987935753711609,3.747543476205262,1.2341784896260224,,0
