complexity,accuracy,distortion,mse,sender_delta,receiver_delta,min_epsilon,min_beta,run
3.981925525998124,3.743176205813983,33.23915103322328,6.674268397074389,9.999922237064892e-05,6.589001669827684e-05,0.0001245289624799631,1.4165829145728643,0
