complexity,accuracy,distortion,mse,gNID,eps,beta,run
0.34684086,0.18685722,0.37929726,1201.1993,0.008252859115600586,-0.0023488469887524843,1.4414209127426147,0
