complexity,accuracy,distortion,mse,gNID,eps,beta,run
4.7683716e-07,4.7683716e-07,1.9120278,16.35492,,1.5101146345841698e-05,0.029973315075039864,0
