complexity,accuracy,distortion,mse,gNID,eps,beta,run
9.536743e-07,0.0,0.4158249,1.4480034,,8.212178363464773e-05,0.023315543308854103,0
