complexity,accuracy,distortion,mse,run
1.503849193153183,1.2618208322603754,0.6502067902178021,,0
