complexity,accuracy,distortion,mse,gNID,eps,beta,run
1.5260904282154222,1.2700970616773963,0.6419305602381833,2.2786519090271815,[0.0054146544510602634],0.012747661103267437,1.0954954954954954,0
