complexity,accuracy,distortion,mse,run
3.3293427339568336,1.8266929299817543,0.0413423864855309,,0
