complexity,accuracy,distortion,mse,gNID,eps,beta,run
3.1969762,1.7842331,0.08380222,1.1614463,0.04212530504410861,-0.02336340770125389,3.84820556640625,0
