complexity,accuracy,distortion,mse,run
6.436854180682414,5.0740938561534765,0.03757663792611332,,0
