complexity,accuracy
3.019991,2.9861717
3.017416,2.9836931
3.020688,2.9868317
3.0224247,2.9885025
3.022768,2.9888086
3.0058804,2.9725704
3.0137186,2.9801521
3.0244608,2.990447
