complexity,accuracy,distortion,mse,run
4.631318643894872,4.340522607166093,0.7711487211356385,,0
