complexity,accuracy,distortion,mse,gNID,eps,beta,run
1.4988537,1.257577,0.6602888,236.34221,0.0004891157150268555,-0.0023911118041723967,1.1085323095321655,0
