complexity,accuracy,distortion,mse,gNID,eps,beta,run
4.615313990987485,4.329331022164993,0.7823403059045528,2.934474840364124,[0.00101860127187281],0.001466048943936972,1.0396396396396397,0
