complexity,accuracy,distortion,mse,gNID,eps,beta,run
3.0064077,2.7301989,0.7505741,27.98283,0.0002142786979675293,0.00038923954707570374,1.0419546365737915,0
