complexity,accuracy,distortion,mse,gNID,eps,beta,run
1.3448362,1.1572199,0.76064587,270.5295,-0.00043976306915283203,-0.007199433632194996,1.0219813585281372,0
