complexity,accuracy,distortion,mse,gNID,eps,beta,run
3.220749333583788,3.175532652130034,1.936138675984804,14.737618187718862,[0.0001973237690601204],-0.00021610661136350334,0.7413827655310621,0
