complexity,accuracy,distortion,mse,round,run
7.104874e-05,3.385544e-05,1.911994,16.403725,0.0,1.0
0.0,0.0,1.9120278,16.35488,1.0,1.0
0.0,0.0,1.9120278,16.354877,2.0,1.0
