complexity,accuracy,distortion,mse,gNID,eps,beta,run
2.426420092969904,2.4126039440639,2.6990673840309007,43.29008890413377,[0.0004212596189513418],-5.3697571045575204e-05,0.7083366733466934,0
