complexity,accuracy,distortion,mse,trial
2.1741652,2.1046953,2.0205631,19.723299,0
