complexity,accuracy,distortion,mse,gNID,eps,beta,run
4.624514583221542,4.3356858248316925,0.7759855032541303,2.913983352271291,0.07007645245715277,,1.43993993993994,0
