complexity,accuracy,distortion,mse,gNID,eps,beta,run
0.0,0.0,1.8680348,6.313385,-7.017458323180909,-8.89474104042165e-05,0.3861640989780426,0
