complexity,accuracy,distortion,mse,round,run
0.37297916,0.11173296,1.7563019,6.1949325,0.0,1.0
9.441376e-05,7.867813e-05,1.8679562,6.313045,1.0,1.0
4.7683716e-07,4.7683716e-07,1.8680344,6.313384,2.0,1.0
0.0,0.0,1.8680353,6.313385,3.0,1.0
0.0,0.0,1.8680348,6.313385,4.0,1.0
0.0,0.0,1.8680348,6.313385,5.0,1.0
