complexity,accuracy,distortion,mse,run
2.9641883411484393,2.7018329736366855,0.7789399984702481,,0
