complexity,accuracy,distortion,mse,gNID,eps,beta,run
2.9462986,2.6900253,0.79074764,29.415806,0.005444586277008057,-0.009087593294680119,1.0246831178665161,0
