complexity,accuracy,distortion,mse,gNID,eps,beta,run
1.398245271976144,1.3980195484400737,5.426648180925806,2079.1492196998197,0.5496309725258641,-0.06641647964715958,0.7157238125801086,0
1.3982265751876053,1.3980008583432877,5.426666871022592,2079.206468975847,0.5496384967045164,-0.06641648709774017,0.7157238125801086,1
1.3982461927590055,1.3980204698194072,5.426647259546472,2079.1428765258206,0.5496316755414208,-0.06641648709774017,0.7157238125801086,2
1.398369153977601,1.3981433825680334,5.426524346797846,2078.7793233102525,0.5495774484964566,-0.0664164125919342,0.7157238125801086,3
1.398300225702723,1.3980744817324933,5.426593247633386,2078.981910825955,0.5496083752709895,-0.06641644984483719,0.7157238125801086,4
1.3982622712358754,1.398036545135291,5.4266311842305885,2079.0836328385103,0.5496253725517275,-0.06641647964715958,0.7157238125801086,5
1.398386957898207,1.3981611816682111,5.426506547697668,2078.7189751188644,0.5495698635209489,-0.06641640514135361,0.7157238125801086,6
1.398253926280132,1.3980282041892398,5.42663952517664,2079.106301219361,0.5496275415671346,-0.06641648709774017,0.7157238125801086,7
