complexity,accuracy,distortion,mse,gNID,eps,beta,run
5.65753,2.6017752,0.87899685,1525.0994,0.10102963447570801,0.03980607911944389,17.3342227935791,0
