complexity,accuracy,distortion,mse,gNID,eps,beta,run
1.3903473398484891,0.4927994650470229,2.9879735070599107,952.3993493664456,0.7882792055606842,-0.07314668595790863,25.95863914489746,0
