complexity,accuracy,distortion,mse,round,run
5.836102,2.7542467,0.72652626,1663.3625,0.0,1.0
1.6933397,0.6081289,2.872644,970.68256,1.0,1.0
