complexity,accuracy,distortion,mse,round,run
5.730261,2.642208,0.8385649,1388.047,0.0,1.0
1.3763671,0.47883123,3.0019417,990.5384,1.0,1.0
1.3903474,0.49279946,2.9879735,952.39935,2.0,1.0
