complexity,accuracy,distortion,mse,run
6.384602906079987,3.4759388253092407,0.004834146797692895,,0
