complexity,accuracy,distortion,mse,run
3.5349968780195287,3.0296887724764137,0.45108419963051993,,0
