complexity,accuracy,distortion,mse,gNID,eps,beta,run
3.286171,2.836277,0.64449596,22.0982,0.0654023289680481,-0.038173627108335495,1.451634407043457,0
