complexity,accuracy,distortion,mse,gNID,eps,beta,run
0.0,0.0,1.9120278,16.354866,,-8.075770665527671e-07,0.029973315075039864,0
