complexity,accuracy,distortion,mse,gNID,eps,beta,run
2.6096934515920243,2.1037407052386605,3.0079297888409293,969.033892036841,0.4963405728340149,0.6239440441131592,0.7356971502304077,0
