complexity,accuracy,distortion,mse,round,run
5.730271,4.205888,0.9057827,1731.3735,0.0,1.0
1.7266865,1.1063776,4.005293,1256.3605,1.0,1.0
2.6096935,2.1037407,3.0079298,969.0339,2.0,1.0
