complexity,accuracy,distortion,mse,gNID,eps,beta,run
6.356482,6.356482,0.28737402,0.1400002,0.025697827339172363,-1.218285899849084e-15,0.7290393710136414,0
