complexity,accuracy,distortion,mse,gNID,eps,beta,run
4.625162546656789,4.336143748500572,0.7755275794293706,2.912344412457376,[0.001072648927148645],-0.0016943041402686277,1.048948948948949,0
