complexity,accuracy,distortion,mse,gNID,eps,beta,run
5.641924,3.4363413,0.044431686,10.098302,0.05297583341598511,-0.014381240122020245,18.95663833618164,0
