complexity,accuracy,distortion,mse,gNID,eps,beta,run
4.625372535592279,4.3362778361909715,0.7753934917918475,2.9120536402172226,[0.0010494320796552437],-0.0016219448940882953,1.048948948948949,0
