complexity,accuracy,distortion,mse,gNID,eps,beta,run
3.0827618,1.724081,0.14395428,1.315311,0.0825241140124019,-0.029319612309336662,3.6817612648010254,0
