complexity,accuracy,distortion,mse,gNID,eps,beta,run
0.4887246601624779,0.4576716019242459,1.4543560221992342,7.84248076246138,[0.001153248162064302],0.0011958517262066742,0.7531663326653306,0
