complexity,accuracy,distortion,mse,gNID,eps,beta,run
0.48871326,0.4589696,1.4530578,7.842365,0.01674818992614746,-0.010306867770850658,0.7856304049491882,0
