complexity,accuracy,distortion,mse,gNID,eps,beta,run
2.4557972,2.3239174,1.1568556,49.27576,0.001024484634399414,-0.004477115347981453,0.852208137512207,0
