complexity,accuracy,distortion,mse,gNID,eps,beta,run
2.4669077,1.3005791,0.56745577,2.6263118,0.20013960195859049,0.05513998493552208,2.5399532318115234,0
