complexity,accuracy,distortion,mse,run
3.9879357535872995,3.7475434760827397,1.2341784920899463,,0
