complexity,accuracy,distortion,mse,run
2.985206432138215,2.7158652158458967,0.7649077562610369,,0
