complexity,accuracy,distortion,mse,gNID,eps,beta,run
2.9867973,2.7174768,0.7632961,28.464714,0.000213623046875,-2.0086199583602138e-05,1.0319679975509644,0
