complexity,accuracy,distortion,mse,gNID,eps,beta,run
6.416308,4.884123,0.2275486,128.55609,0.02032536268234253,0.030700666829943657,3.53196120262146,0
