complexity,accuracy,distortion,mse,gNID,eps,beta,run
0.12184354273565035,0.040355200173539885,3.4404177719333937,1010.6682840594679,,,,0
