complexity,accuracy,distortion,mse,run
1.0004978108333482,0.8959134968827671,1.0161143389631802,,0
1.0004978108333482,0.8959134968827671,1.0161143389631802,,1
1.0004978108333482,0.8959134968827671,1.0161143389631802,,2
1.0004978108333482,0.8959134968827671,1.0161143389631802,,3
1.0004978108333482,0.8959134968827671,1.0161143389631802,,4
1.0004978108333482,0.8959134968827671,1.0161143389631802,,5
1.0004978108333482,0.8959134968827671,1.0161143389631802,,6
1.0004978108333482,0.8959134968827671,1.0161143389631802,,7
