complexity,accuracy,distortion,mse,gNID,eps,beta,run
6.349063275598567,6.050707996170072,0.7739597331958077,2.9165815847333336,,,,0
6.3480359662188555,6.050030291171739,0.7746374381941408,2.9193733987840025,,,,1
6.347427342471358,6.0496435960124035,0.775024133353476,2.9208705142511713,,,,2
6.348444836647035,6.050307958094699,0.7743597712711807,2.918177925111485,,,,3
6.347000405142875,6.049351554965638,0.7753161744002419,2.92215543113997,,,,4
6.34774851086309,6.04985029324266,0.7748174361232198,2.9200578394679786,,,,5
6.344041480348645,6.047434531573183,0.7772331977926967,2.92980811636458,,,,6
5.148192871911313,5.041525488086538,1.7831422412793412,14.446376864270729,,,,7
