complexity,accuracy,distortion,mse,gNID,eps,beta,run
3.9785867367900063,3.8498157371225865,1.2618555909195166,5.732809868352047,[0.00015327073402016111],-0.0002999559063003781,0.8349397590361447,0
