complexity,accuracy,distortion,mse,gNID,eps,beta,run
3.399247983803484,3.3409094970151347,1.7707618311171007,11.678421968764818,[0.0001943318589079368],-0.00017768515749862888,0.7554108216432865,0
