complexity,accuracy,distortion,mse,run
2.9741240400657656,2.708538866983398,0.7722341051235357,,0
