complexity,accuracy,distortion,mse,gNID,eps,beta,run
2.9867697,2.7174606,0.7633114,28.465368,0.0023443102836608887,0.00363416806794703,1.0246831178665161,0
