complexity,accuracy,distortion,mse,gNID,eps,beta,run
5.9467793,0.40204048,0.013784409,1.1591818,0.8853299766778946,0.9982088208198547,5.0,0
