complexity,mse
6.416308,89.259995
6.383857,28.429996
0.0,1666.502
6.4038568,278.61996
6.3087587,344.9533
6.4238567,202.15999
6.4238567,191.82
6.403857,148.94998
