complexity,accuracy,distortion,mse,run
3.9431088038119437,3.820232543378845,1.2914387847868785,,0
