complexity,accuracy,distortion,mse,run
3.9451560557701875,3.8220605142622475,1.2896108139034546,,0
