complexity,accuracy,distortion,mse,gNID,eps,beta,run
0.845231169513573,0.8452109633149298,5.797218388491711,889.5181234920575,0.8302260339260101,-0.0005312105640769005,0.6757771968841553,0
