complexity,accuracy,distortion,mse
6.4238567,4.8916817,0.21998882,171.25
6.4163074,4.884122,0.2275486,301.71332
-7.6293945e-06,-3.8146973e-06,5.1116753,1666.502
6.4038563,4.887066,0.2246046,124.22999
6.463857,4.9329033,0.17876816,81.369995
6.2812095,4.7549095,0.35676098,286.62665
6.24121,4.738844,0.37282753,452.79993
6.348758,4.8178186,0.2938528,155.07332
