complexity,accuracy,distortion,mse,gNID,eps,beta,run
0.0,0.0,1.8680348,6.313385,1.0000000107318527,-0.3278614282608032,5.0,0
