complexity,accuracy,distortion,mse,run
4.624555948012093,4.336257796781869,0.7754135313162838,,0
