complexity,accuracy,distortion,mse,run
2.973063131748491,2.9113634623939095,2.2941001517348845,,0
