complexity,accuracy,distortion,mse,run
4.356443556539707,4.147736363076257,0.9639349649959605,,0
