complexity,accuracy,distortion,mse,run
4.364280356038785,4.153369204319743,0.9583021237524925,,0
