complexity,accuracy,distortion,mse,gNID,eps,beta,run
4.336322252589389,4.124806627564019,0.9868647004010648,3.772164295424589,[0.0074090766916701245],0.0006449523644287561,0.9372372372372373,0
