complexity,accuracy,distortion,mse,run
4.0403594208242986,3.900709148543722,1.2109621795104335,,0
