complexity,accuracy,distortion,mse,gNID,eps,beta,run
4.037471092300486,3.8976068877361794,1.2140644403531375,5.293381051650314,[0.0007676179127297234],0.000252400512179935,0.8475903614457831,0
