complexity,accuracy,distortion,mse,gNID,eps,beta,run
0.3218031,0.09040451,0.32542038,1.3667176,0.019418537616729736,-0.0012173341820016503,2.8462107181549072,0
