complexity,accuracy,distortion,mse,run
1.047912042564299,0.9318771022980563,0.980150733547891,,0
