complexity,accuracy,distortion,mse,gNID,eps,beta,run
9.536743e-07,0.0,1.9120278,16.013823,,1.6990390577120706e-05,0.026644429191946983,0
