complexity,accuracy,distortion,mse,round,run
0.005692482,0.0021276474,1.9099002,16.350834,0.0,1.0
1.1920929e-05,9.536743e-06,1.9120183,16.016916,1.0,1.0
4.7683716e-07,9.536743e-07,1.9120269,16.013847,2.0,1.0
4.7683716e-07,4.7683716e-07,1.9120274,16.013823,3.0,1.0
4.7683716e-07,0.0,1.9120283,16.01382,4.0,1.0
4.7683716e-07,0.0,1.9120278,16.013823,5.0,1.0
9.536743e-07,0.0,1.9120278,16.013823,6.0,1.0
