complexity,accuracy,distortion,mse,trial
3.0995307,1.849225,0.06280279,0.10638692,0
3.1217427,1.8544521,0.057575703,0.100021064,1
0.9709506,0.8027587,1.1092691,4.4999995,2
3.1219208,1.8663301,0.04569769,0.100000665,3
2.8804152,1.7857366,0.12629128,0.21458727,4
2.9181676,1.8081527,0.10387516,0.20079416,5
2.9214432,1.8087311,0.10329676,0.200062,6
2.9107742,1.8061533,0.10587454,0.20260243,7
