complexity,accuracy,distortion,mse,run
5.911914868761414e-08,7.62003278254042e-08,0.5661544037801409,,0
