complexity,accuracy,distortion,mse,gNID,eps,beta,run
9.536743e-07,0.0,0.5661545,1536.5436,-1.520535945892334,9.707555000204593e-05,0.009999999776482582,0
