complexity,accuracy,distortion,mse,gNID,eps,beta,run
3.1219196,1.8663306,0.045697212,0.9546157,0.02678680419921875,-0.014372020028531551,3.924769878387451,0
