complexity,accuracy,distortion,mse,gNID,eps,beta,run
4.625358924819331,4.3362698146450835,0.7754015133070329,2.912034819828284,[0.0010518921499326206],-0.0016272732707202154,1.048948948948949,0
