complexity,accuracy,distortion,mse,trial
1.5261354,1.2743745,0.63765335,1.5525392,0
1.5261049,1.2743559,0.6376715,1.5526054,1
0.849843,0.7627182,1.1493096,4.407508,2
1.525981,1.2742815,0.63774586,1.552877,3
1.5222363,1.2720542,0.63997364,1.5610946,4
1.5215726,1.2716451,0.64038277,1.5625985,5
1.5266271,1.2746878,0.63734007,1.5513722,6
1.5207815,1.2711611,0.64086676,1.5643919,7
