complexity,accuracy,distortion,mse,run
0.0,1.2367529222956364e-10,1.9120276225956472,,0
