complexity,accuracy,distortion,mse,gNID,eps,beta,run
0.0,0.0,1.9120276223598325,15.757928034700376,[nan],-3.5742452768538374e-15,0.24849397590361444,0
