complexity,accuracy,distortion,mse,gNID,eps,beta,run
4.477763022683623,4.235352960646072,0.8763183672455099,3.350169910054963,[0.0013927711971447598],-0.0028955667109678224,0.9837837837837838,0
