complexity,accuracy,distortion,mse,run
5.912087530646204e-08,1.233431135005958e-10,5.111670493956247,,0
