complexity,accuracy,distortion,mse,gNID,eps,beta,run
9.536743e-07,0.0,5.1116705,2564.0317,-1.5,8.946767775341868e-05,0.009999999776482582,0
