complexity,accuracy,distortion,mse,gNID,eps,beta,run
2.99632987897564,2.9269991357167457,2.1846721924173407,22.036134690106326,[0.08072731800727873],0.029376564481998248,0.743627254509018,0
