complexity,accuracy,distortion,mse,run
1.2681403024685967,1.003562165092002,0.8644731513752832,,0
