complexity,accuracy,distortion,mse,gNID,eps,beta,run
1.2936516,1.0296092,0.83842564,2.6293826,0.015704182561869118,-0.0005369459977373481,0.9986791014671326,0
