complexity,accuracy
3.1181908,3.1172924
2.837667,2.8369017
2.918666,2.9178803
2.9186635,2.9178774
2.918668,2.917882
2.9186635,2.9178777
2.918664,2.9178782
2.61093,2.6102948
