complexity,accuracy,distortion,mse,gNID,eps,beta,run
1.52071,1.2711191,0.6409087,2.2892327,0.004056572914123535,-0.0027003015857189894,1.1185190677642822,0
