complexity,accuracy,distortion,mse,gNID,eps,beta,run
0.34683895,0.18685818,0.3792963,1201.2,0.008252859115600586,-0.0023508351296186447,1.4414209127426147,0
