complexity,accuracy,distortion,mse,run
3.467550635927674,3.3445650251965873,1.8416056664251006,,0
