complexity,accuracy,distortion,mse,gNID,eps,beta,run
5.6116266,2.6090317,0.8717413,1697.6367,0.10909032821655273,0.03920575976371765,16.907272338867188,0
