complexity,accuracy,distortion,mse,gNID,eps,beta,run
0.08997917,0.051000595,0.5151539,1432.9597,0.030369341373443604,-0.0010795471025630832,1.1717811822891235,0
