complexity,accuracy,distortion,mse,run
0.0003624598815195057,0.0003333364383841797,1.911694499407563,,0
0.015158656651006908,0.014156576684039912,1.8978712591619074,,1
0.7350165222380829,0.6743713177452406,1.2376565181007066,,2
2.444032959821376,1.699121490513793,0.21290634533215425,,3
2.8926300100356555,1.8269692048959438,0.08505863095000343,,4
2.4104330248645054,1.6883053504109897,0.22372248543495754,,5
2.9432407619318592,1.8391527020199847,0.07287513382596256,,6
2.8857604575244515,1.825214807198213,0.08681302864773421,,7
