complexity,accuracy,distortion,mse,gNID,eps,beta,run
1.5261521,1.274385,0.63764286,2.2785296,0.0020623207092285156,-0.0007541912491433322,1.1185190677642822,0
