complexity,accuracy,distortion,mse,gNID,eps,beta,run
1.5261248744782383,1.2701180071424218,0.6419096153792347,2.278583614352165,[0.005401830551955644],0.012759986123959765,1.0954954954954954,0
