complexity,accuracy,distortion,mse,gNID,eps,beta,run
1.335144e-05,3.8146973e-06,0.41582108,1.3948576,,0.0009544109343551099,0.009999999776482582,0
