complexity,accuracy,distortion,mse,gNID,eps,beta,run
0.0,0.0,0.4158249,1.451835,,-0.000285365735180676,0.009999999776482582,0
