complexity,accuracy,distortion,mse,gNID,eps,beta,run
2.688722,1.2726002,0.59543467,3.1784506,0.18783858740158565,0.0587044321000576,2.9960107803344727,0
