complexity,accuracy,distortion,mse,round,run
2.688722,1.2726002,0.59543467,3.1784506,0.0,1.0
2.688722,1.2726002,0.59543467,3.1784506,1.0,1.0
