complexity,accuracy,distortion,mse,gNID,eps,beta,run
3.978933325986098,3.8501070811866143,1.261564246863058,5.731296129870373,[0.00010370062876230435],-0.0002337893087053712,0.8349397590361447,0
