complexity,accuracy,distortion,mse,run
6.411997725805627,5.0686132561229105,0.04305723795667937,,0
