complexity,accuracy,distortion,mse,run
0.09200790455309438,0.05176338119115442,0.5143910987893143,,0
