complexity,accuracy,distortion,mse,gNID,eps,beta,run
0.08996391,0.050992012,0.51516247,1432.9749,0.0306318998336792,-0.001086871954612434,1.1717811822891235,0
