complexity,accuracy,distortion,mse,gNID,eps,beta,run
0.0,4.7683716e-07,1.9120269,16.012987,,-4.1936695197364315e-05,0.023315543308854103,0
