complexity,accuracy,distortion,mse,round,run
6.771088e-05,2.2411346e-05,1.912005,16.405853,0.0,1.0
4.7683716e-07,4.7683716e-07,1.9120269,16.016562,1.0,1.0
4.7683716e-07,0.0,1.9120274,16.01302,2.0,1.0
4.7683716e-07,0.0,1.9120274,16.012989,3.0,1.0
4.7683716e-07,0.0,1.9120274,16.012989,4.0,1.0
0.0,4.7683716e-07,1.9120269,16.012987,5.0,1.0
