complexity,accuracy,distortion,mse,run
6.1120960973651535,3.468264265662027,0.012508706444906537,,0
