complexity,accuracy
4.640568,4.3462305
4.643322,4.348029
4.641738,4.3469963
4.6416254,4.3469467
4.640601,4.3462515
4.641778,4.347045
4.64168,4.346984
4.6411314,4.3466015
