complexity,accuracy,distortion,mse
6.3087583,4.779026,0.33264542,289.10327
6.3763075,4.845353,0.26631832,267.43332
-7.6293945e-06,-3.8146973e-06,5.1116753,1666.5017
6.4438562,4.911683,0.19998741,86.35999
6.403856,4.8858585,0.22581291,154.58998
6.3087587,4.7907495,0.32092094,263.99332
6.3563085,4.8300095,0.28166103,233.84999
6.3287582,4.8308096,0.2808609,239.87329
