complexity,accuracy,distortion,mse,run
0.5206859615485495,0.5027782624403212,2.9779947096666124,,0
