complexity,accuracy,distortion,mse,gNID,eps,beta,run
1.5021463600015297,1.2587871613464543,0.6532404609510429,2.2970598360310417,[0.0034251184226120612],0.0057750529263072975,1.0861861861861861,0
