complexity,accuracy,distortion,mse,run
1.503849191335827,1.261820830183332,0.6502067922395636,,0
