complexity,accuracy,distortion,mse,gNID,eps,beta,run
4.625266765480388,4.3362097681778575,0.7754615598082335,2.9122210450573296,[0.001063351243917765],-0.001657887620975218,1.048948948948949,0
