complexity,accuracy,distortion,mse,gNID,eps,beta,run
0.08996391,0.08996487,6.553891,1328.5894,0.8861080557107925,-1.4616258567912155e-06,0.6524749994277954,0
