complexity,accuracy,distortion,mse,gNID,eps,beta,run
0.0,0.0,1.8680353,6.313385,-6.510024065270337,-8.771260763751343e-05,0.3861640989780426,0
