complexity,accuracy,distortion,mse,gNID,eps,beta,run
1.5258594,1.2742095,0.63781834,2.2790947,0.0021690726280212402,-0.0008586375042796135,1.1185190677642822,0
