complexity,accuracy,distortion,mse,gNID,eps,beta,run
1.5261041785060625,1.2701053153727635,0.6419223081577599,2.2786250145968507,[0.005409212100034977],0.012752679415427886,1.0954954954954954,0
