complexity,accuracy,distortion,mse,gNID,eps,beta,run
4.642848,4.347748,0.7639227,2.8690841,0.00020253658294677734,0.0007698273984715343,1.015323519706726,0
