complexity,accuracy,distortion,mse,gNID,eps,beta,run
0.4888463,0.4590521,1.4529757,7.848535,0.01646292209625244,-0.010242531076073647,0.7856304049491882,0
