complexity,accuracy,distortion,mse,gNID,eps,beta,run
0.4886191763580481,0.4575449977047432,1.4544826248469338,7.848943238209886,[0.001379442413116494],0.0013511365801598917,0.7530260521042085,0
