complexity,accuracy,distortion,mse,gNID,eps,beta,run
0.0,9.536743e-07,0.41582394,1.4518337,,-1.0023964932770468e-05,0.2862975299358368,0
