complexity,accuracy,distortion,mse,trial
1.5262079,1.2744169,0.6376109,1.5523877,0
1.5260296,1.2743111,0.6377163,1.5527724,1
0.8498411,0.76271677,1.1493111,4.4075174,2
1.5261259,1.2743697,0.6376581,1.5525616,3
1.5253701,1.2739153,0.63811255,1.5542188,4
1.5260186,1.2743049,0.63772297,1.5527949,5
1.5206695,1.2710938,0.640934,1.5646383,6
1.5260806,1.2743416,0.63768625,1.5526617,7
