complexity,accuracy,distortion,mse,trial
3.121924,1.7758341,0.13619375,0.4000005,0
3.1219285,1.7121491,0.1998787,2.5,1
0.46899605,0.20939589,1.702632,13.777777,2
3.121928,1.7120266,0.20000124,6.4000006,3
3.1219282,1.7258291,0.18619823,0.90000004,4
3.1219268,1.7120266,0.20000124,6.400001,5
2.8464398,1.4503565,0.46167135,8.4,6
3.1219287,1.7120275,0.20000029,4.9,7
