complexity,accuracy,distortion,mse,trial
1.5206985,1.27111,0.6409178,1.564577,0
1.5260558,1.2743273,0.63770056,1.5527157,1
0.8498411,0.76271677,1.1493111,4.4075174,2
1.5261164,1.2743626,0.6376653,1.5525835,3
1.5264163,1.2745566,0.6374712,1.5518614,4
1.5262012,1.2744145,0.6376133,1.5523977,5
1.5260086,1.2742987,0.63772917,1.5528196,6
1.5206838,1.2711029,0.64092493,1.5646058,7
