complexity,accuracy,distortion,mse,gNID,eps,beta,run
5.2204204,5.220214,1.4222155,0.852728,0.110554039478302,-0.0008425964042544365,0.7157238125801086,0
