complexity,accuracy,distortion,mse,gNID,eps,beta,run
2.9868288,2.954649,2.1570215,20.24868,0.023704588413238525,-0.030432503670454025,0.7423549294471741,0
