complexity,accuracy,distortion,mse,gNID,eps,beta,run
3.0649366442019588,3.0615403993968524,3.763127329969027,190.50724674760608,0.1883591430798096,-0.059424493461847305,0.722381591796875,0
3.064907790871869,3.06151172133821,3.7631560080276696,190.5138641971,0.18836625241990934,-0.059424735605716705,0.722381591796875,1
3.0649133143786074,3.0615171939661483,3.763150535399731,190.5134650668277,0.18836479748500867,-0.059424664825201035,0.722381591796875,2
3.06490494262159,3.0615088852169503,3.763158844148929,190.51470041078096,0.18836873011917166,-0.0594247505068779,0.722381591796875,3
3.0649373805324505,3.0615411324486868,3.7631265969171928,190.5072014411632,0.18835724511267782,-0.05942448973655701,0.722381591796875,4
3.0649512913911447,3.0615549409261487,3.763112788439731,190.50453008119845,0.18835573854945142,-0.059424348175525665,0.722381591796875,5
3.0649513808149607,3.061555058131688,3.7631126712341914,190.5039003679065,0.18835439234628215,-0.05942438542842865,0.722381591796875,6
3.0649315467123532,3.061535320076077,3.763132409289802,190.5087583448908,0.18836114890822353,-0.059424519538879395,0.722381591796875,7
