complexity,accuracy,distortion,mse,gNID,eps,beta,run
2.6360830696414475,2.616959561279552,2.4947117668045955,32.39416432541401,[0.00043073842736518486],-5.492118063493309e-05,0.7138677354709418,0
