complexity,accuracy,distortion,mse,gNID,eps,beta,run
0.0,0.0,1.9120278,16.01752,,-1.2051795010847854e-06,0.019986657425761223,0
