complexity,accuracy,distortion,mse,gNID,eps,beta,run
2.648882,1.6283708,0.23966408,1.4243855,0.08648131991050345,-0.04657017067074776,2.7996063232421875,0
