complexity,accuracy,distortion,mse,gNID,eps,beta,run
1.8177052,1.7679377,1.7128353,108.83992,0.006732285022735596,-0.011642989702522755,0.7666332721710205,0
