complexity,accuracy,distortion,mse,gNID,eps,beta,run
0.3468399,0.18685913,0.37929535,1201.1992,0.008260130882263184,-0.0023501701653003693,1.4414209127426147,0
