complexity,accuracy,distortion,mse,run
0.01680740368625422,0.015743452691373783,1.8962843831545735,,0
