complexity,accuracy,distortion,mse,run
4.01513822439467,3.8800227623108423,1.2316485658455196,,0
