complexity,accuracy,distortion,mse,run
5.251751372441662,4.686395267421908,0.425275226657682,,0
