complexity,accuracy,distortion,mse,gNID,eps,beta,run
1.4992962,1.2578278,0.660038,236.26096,0.000344693660736084,-0.002219481160864234,1.1085323095321655,0
