complexity,accuracy,distortion,mse,run
4.5528778166014305,4.287754041886172,0.8239172859804658,,0
