complexity,accuracy,distortion,mse,gNID,eps,beta,run
3.1197064,1.866118,0.04590988,0.91656595,0.026554584503173828,-0.014274626038968563,3.8981387615203857,0
