complexity,accuracy,distortion,mse,gNID,eps,beta,run
0.73483086,0.60408115,1.2639537,3.9794436,0.021125529965696943,-0.005795759614557028,0.895483672618866,0
