complexity,accuracy,distortion,mse,gNID,eps,beta,run
3.0058203,2.9727173,2.1389532,19.76821,0.019365549087524414,-0.02918638288974762,0.7423549294471741,0
