complexity,accuracy,distortion,mse,gNID,eps,beta,run
9.536743e-07,0.0,3.4807734,1512.8357,-1.520535945892334,0.0005390389706008136,0.0027108434587717056,0
