complexity,accuracy,distortion,mse,gNID,eps,beta,run
9.536743e-07,9.536743e-07,6.643855,1536.5435,-1.0164287090301514,0.0,0.009999999776482582,0
