complexity,accuracy,distortion,mse,gNID,eps,beta,run
0.29375744,0.29206848,3.1887035,1011.3835,0.5517403781414032,-0.012437229976058006,0.6831220984458923,0
