complexity,accuracy,distortion,mse,gNID,eps,beta,run
0.34357834,0.34358025,6.298849,938.7418,0.8651120662689209,-0.0001681034336797893,0.6657904982566833,0
