complexity,accuracy,distortion,mse,gNID,eps,beta,run
6.208514,4.98306,0.12861061,1.1762614,0.027055859565734863,-0.02481698803603649,2.9360907077789307,0
