complexity,accuracy,distortion,mse,gNID,eps,beta,run
0.062221527,0.019012451,0.39681244,1.434066,0.009821313642440876,-0.00011704898497555405,2.137158155441284,0
