complexity,accuracy,distortion,mse,trial
2.1784987,2.1087308,2.0165277,18.703459,0
2.1602373,2.0907488,2.0345097,19.795668,1
2.1507034,2.0812316,2.0440269,20.470467,2
2.1720648,2.10259,2.0226684,19.093277,3
2.1838617,2.1142702,2.0109882,18.33642,4
2.159896,2.0906544,2.034604,19.780222,5
1.8851485,1.8327775,2.292481,29.20269,6
1.3108416,1.2760515,2.849207,94.22287,7
