complexity,accuracy,distortion,mse,gNID,eps,beta,run
2.8149369,1.7439661,0.16806126,1.0562185,0.06425613164901733,-0.01850358583033085,2.9893529415130615,0
