complexity,accuracy,distortion,mse,run
4.395723613095349,3.314725565484194,0.16604740662273976,,0
