complexity,accuracy,distortion,mse,gNID,eps,beta,run
2.7219281,1.5251832,0.38684464,11.767496,0.12857657670974731,0.030984319746494293,2.9261040687561035,0
