complexity,accuracy,distortion,mse,round,run
2.7219281,1.5251832,0.38684464,11.767496,0.0,1.0
2.7219281,1.5251832,0.38684464,11.767496,1.0,1.0
