complexity,accuracy,distortion,mse,gNID,eps,beta,run
5.3029184,2.3027515,1.1780214,1508.1989,0.16694211959838867,0.05066610127687454,15.199466705322266,0
