complexity,accuracy,distortion,mse,gNID,eps,beta,run
2.4262762950282095,2.4124645926552493,2.699206735359578,43.29403129922352,[0.00040928390132244363],-5.997489104773971e-05,0.7083366733466934,0
