complexity,accuracy,distortion,mse,run
3.981751471099704,3.852555533128143,1.2591157951735763,,0
