complexity,accuracy,distortion,mse,gNID,eps,beta,run
0.08996391,0.08996487,6.5524645,1328.5894,0.8918695822358131,-6.702780956402421e-05,0.6524749994277954,0
