complexity,accuracy,distortion,mse,gNID,eps,beta,run
5.8245516,3.1017685,0.37900448,75.10315,0.07322072982788086,0.003963910508900881,22.03068733215332,0
