complexity,accuracy,distortion,mse,gNID,eps,beta,run
4.7683716e-07,0.0,1.9120278,16.354866,-3.0,-1.806377554203209e-06,0.013328885659575462,0
