complexity,accuracy,distortion,mse,gNID,eps,beta,run
3.978850951094959,3.850040924352914,1.261630403641277,5.731597383514543,[0.00011303655096572829],-0.0002532136168494228,0.8349397590361447,0
