complexity,accuracy,distortion,mse,gNID,eps,beta,run
2.865714,2.6352215,0.8455515,31.878284,0.00016880035400390625,-0.001702652545645833,0.9753769040107727,0
