complexity,accuracy,distortion,mse,gNID,eps,beta,run
4.476950256173181,4.2347646663292675,0.8769066616322991,3.352325937953978,[0.0014914966401884389],-0.0031237390237099606,0.9837837837837838,0
