complexity,accuracy,distortion,mse,sender_delta,receiver_delta,min_epsilon,min_beta,run
3.9816283125262775,3.742938864624632,31.49544590979151,6.676342384686747,0.0502987507960586,0.0279824439982287,0.00015110801833159837,1.4095477386934674,0
