complexity,accuracy
1.5206985,1.271111
1.5260558,1.2743273
0.84984064,0.76271725
1.5261159,1.2743626
1.5264163,1.2745566
1.5262008,1.2744136
1.5260086,1.2742982
1.5206838,1.2711029
