complexity,accuracy,distortion,mse,gNID,eps,beta,run
1.8972035453242757,1.404758118767587,3.706913328986319,857.7845045588016,0.5727622509002686,0.6204255819320679,0.7290393710136414,0
