complexity,accuracy,distortion,mse,gNID,eps,beta,run
9.536743e-07,0.0,0.41582584,1.4518477,,7.830463437130675e-05,0.03663108870387077,0
