complexity,accuracy,distortion,mse,gNID,eps,beta,run
7.4647684,0.40613747,0.009687424,1.1592677,0.9067573696374893,1.3009874820709229,5.0,0
