complexity,accuracy,distortion,mse,gNID,eps,beta,run
0.0,0.0,0.4158249,1.4518477,,1.4690888860968698e-07,0.049946632236242294,0
