complexity,accuracy,distortion,mse,gNID,eps,beta,run
6.19571,0.39850426,0.017320633,1.1577253,0.8896932750940323,1.0487022399902344,5.0,0
