complexity,accuracy,distortion,mse,round,run
2.688722,1.026434,0.8416009,4.1833344,0.0,1.0
0.42044845,0.21505553,1.6529793,5.682844,1.0,1.0
0.5579894,0.3573024,1.5107324,5.234175,2.0,1.0
