complexity,accuracy,distortion,mse,run
4.6269650499364126,3.357007516196271,0.12376545591066268,,0
