complexity,accuracy,distortion,mse,gNID,eps,beta,run
4.630146,3.3566408,0.1241312,11.547085,0.0013148188591003418,0.0008146396721713245,4.354903221130371,0
