complexity,accuracy,distortion,mse,run
4.127813569174577,3.8433269701091515,1.0936025860942544,,0
