complexity,accuracy
0.06625557,0.0052924156
