complexity,accuracy,distortion,mse,gNID,eps,beta,run
5.4187837,3.4134378,0.06733513,10.69801,0.04469335079193115,-0.012725388631224632,14.601734161376953,0
