complexity,accuracy,distortion,mse,gNID,eps,beta,run
0.0,0.0,1.9120283,16.354877,-1.0,9.295983181800693e-05,0.009999999776482582,0
