complexity,accuracy,distortion,mse,gNID,eps,beta,run
0.3435793,0.1852417,0.38091278,1204.1757,0.008435070514678955,-0.0017220597947016358,1.4347631931304932,0
