complexity,accuracy,distortion,mse,run
2.177733077145337,2.1592150774862624,3.7124280190389425,,0
