complexity,accuracy,distortion,mse,run
4.3081411801602165,4.111443196202391,1.0002281316642474,,0
