complexity,accuracy,distortion,mse,run
6.444296846948736,5.075718930444417,0.035951563635173045,,0
