complexity,accuracy,distortion,mse,gNID,eps,beta,run
6.3012104,4.797386,0.31428432,329.63568,0.031060516834259033,0.04210148751735687,3.212388277053833,0
