complexity,accuracy,distortion,mse,run
4.117982570860812,3.8367927520570806,1.1026992892208278,,0
