accuracy,complexity
4.8563750896749025e-12,4.856027026237934e-12
1.194422355597996e-05,1.194422355565514e-05
0.0001764996939896605,0.00017649969398966073
0.007171628071021579,0.007171628071021258
1.361333199248859,1.3613331992488593
3.3216793795901016,3.321679379590102
3.321927961889373,3.321927961889373
3.321928094887361,3.3219280948873595
3.3219280948873613,3.3219280948873613
