complexity,accuracy,distortion,mse,gNID,eps,beta,run
4.7683716e-07,0.0,1.9120288,15.307894,-1.0,1.358795998385176e-05,0.03330220282077789,0
