complexity,accuracy,distortion,mse,gNID,eps,beta,run
3.2516086,1.7774124,0.090622425,1.211285,0.05124940933361999,-0.019460076466202736,4.164449691772461,0
