complexity,accuracy,distortion,mse,gNID,eps,beta,run
0.0,0.0,1.9120278,16.354866,-1.0,-2.4076050522126025e-06,0.009999999776482582,0
