complexity,accuracy,distortion,mse,run
1.5182933456170877,1.2659621528515679,0.6460656829943794,,0
