complexity,accuracy,distortion,mse,gNID,eps,beta,run
1.5206594,1.2710876,0.6409402,2.3039556,0.0013813530528475892,-0.0024596850853413343,1.1218478679656982,0
