complexity,accuracy,distortion,mse,run
4.045055780725663,3.787379263661771,1.1749804255584435,,0
