complexity,accuracy,distortion,mse,gNID,eps,beta,run
9.536743e-07,0.0,1.9120278,15.307894,-1.0,3.936133907700423e-06,0.11319546401500702,0
