complexity,accuracy,distortion,mse,gNID,eps,beta,run
6.086952,4.900224,0.21144629,1.4561594,0.03756821155548096,-0.01855284720659256,2.7530019283294678,0
