complexity,accuracy,distortion,mse,run
1.5221709764505613,1.270058805240164,0.6419690306057833,,0
1.5224515321807806,1.2703108477725484,0.6417169880733988,,1
1.5125176319512041,1.2628348697274268,0.6491929661185205,,2
1.5106071377893455,1.2631150234492408,0.6489128123967065,,3
1.467503324595449,1.2353002558486388,0.6767275799973085,,4
1.0004978108333482,0.8959134968827671,1.0161143389631802,,5
1.4517100842727793,1.2244313821127149,0.6875964537332324,,6
1.3033583300274572,1.1243620621160115,0.7876657737299357,,7
