complexity,accuracy,distortion,mse,run
4.379851595311035,4.16501905815255,0.946652269818081,,0
