complexity,accuracy,distortion,mse,run
4.364280355936138,4.153369204238976,0.95830212373167,,0
