complexity,accuracy,distortion,mse,run
4.593991994164504,4.315856084883352,0.7958152432729975,,0
