complexity,accuracy,distortion,mse,gNID,eps,beta,run
4.613500047361401,4.327983845490107,0.7836874824132467,2.939073116055117,[0.0008839707006825792],0.001018895437741861,1.0396396396396397,0
