complexity,accuracy,distortion,mse,run
6.319594423161995,3.4743442118013252,0.00642876030560835,,0
