complexity,accuracy,distortion,mse,gNID,eps,beta,run
0.34358025,0.34337616,4.7682943,939.1076,0.582115888595581,-0.025493312627077103,0.6924216151237488,0
