complexity,accuracy,distortion,mse,run
0.008588856045747661,0.002660165887910182,0.41316472424880857,,0
