complexity,accuracy,distortion,mse,gNID,eps,beta,run
0.0,0.0,1.9120278,16.01708,,-3.0071088986005634e-05,0.016657771542668343,0
