complexity,accuracy,distortion,mse,round,run
0.007278919,0.0022330284,1.9097948,16.420433,0.0,1.0
6.198883e-06,4.7683716e-06,1.9120231,16.021173,1.0,1.0
4.7683716e-07,4.7683716e-07,1.9120274,16.017122,2.0,1.0
4.7683716e-07,0.0,1.9120278,16.017082,3.0,1.0
4.7683716e-07,4.7683716e-07,1.9120274,16.017082,4.0,1.0
4.7683716e-07,0.0,1.9120278,16.017082,5.0,1.0
0.0,0.0,1.9120278,16.01708,6.0,1.0
