complexity,accuracy,distortion,mse,gNID,eps,beta,run
6.3763075,4.8639717,0.24769878,169.61873,0.02393341064453125,0.031606484204530716,3.405463695526123,0
