complexity,accuracy,distortion,mse,gNID,eps,beta,run
0.34684086,0.3466344,4.765036,934.69995,0.5857037305831909,-0.02548711560666561,0.6924216151237488,0
