complexity,accuracy,distortion,mse,run
3.6800523380126346,3.5171039909567945,1.602031449665762,,0
