complexity,accuracy,distortion,mse,run
4.273971960097409,4.08568067161794,1.0259906566837795,,0
