complexity,accuracy,distortion,mse,gNID,eps,beta,run
4.389684283805808,4.158081837445979,0.953589490726011,3.5499494546499086,[0.012646171365155334],-0.00010996158304522706,0.9651651651651652,0
