complexity,accuracy,distortion,mse,gNID,eps,beta,run
1.4989271,1.4959717,3.6156998,164.05823,0.3026468753814697,-0.05265349522233009,0.7257104516029358,0
