complexity,accuracy,distortion,mse,gNID,eps,beta,run
6.281822,5.0078697,0.10380077,1.1648002,0.026793360710144043,-0.0266405139118433,3.1657838821411133,0
