complexity,accuracy,distortion,mse,gNID,eps,beta,run
1.4989567,1.4700317,2.0107412,170.65405,0.13829416036605835,-0.04048563167452812,0.7685123682022095,0
