complexity,accuracy,distortion,mse,round,run
2.7768815,1.6092153,0.30281258,18.029367,0.0,1.0
0.010338306,0.009780407,1.9022474,15.889451,1.0,1.0
0.0003976822,0.00037574768,1.9116521,16.002403,2.0,1.0
1.3828278e-05,1.335144e-05,1.9120145,16.00707,3.0,1.0
0.0,4.7683716e-07,1.9120274,16.00722,4.0,1.0
0.0,0.0,1.9120283,16.007221,5.0,1.0
0.0,0.0,1.9120283,16.007223,6.0,1.0
0.0,0.0,1.9120278,16.007223,7.0,1.0
0.0,0.0,1.9120278,16.007223,8.0,1.0
