complexity,accuracy,distortion,mse,run
2.4531562895986223,2.438782211590519,2.6728891163801123,,0
