complexity,accuracy,distortion,mse,gNID,eps,beta,run
4.4778120130683465,4.235386101632923,0.8762852263715804,3.350071878512874,[0.0013877665768187164],-0.002879456097883493,0.9837837837837838,0
