complexity,accuracy,distortion,mse,gNID,eps,beta,run
6.1368732,4.940161,0.17150927,1.3396097,0.03399008512496948,-0.027281906455755234,2.8595263957977295,0
