complexity,accuracy,distortion,mse,gNID,eps,beta,run
6.330617,0.4024868,0.013338089,1.1667488,0.8874190598726273,1.0748871564865112,5.0,0
