complexity,accuracy,distortion,mse,gNID,eps,beta,run
2.59818536730422,1.4189226852284662,2.0618502868784674,524.2804236380234,,,,0
