complexity,accuracy,distortion,mse,run
-1.3083461425367204e-08,-5.729443586233174e-09,0.41582489586616234,,0
