complexity,accuracy,distortion,mse,gNID,eps,beta,run
1.9073486e-06,1.9073486e-06,0.41582298,1.452723,0.0,1.6988245477023156e-07,0.043288860470056534,0
