complexity,accuracy,distortion,mse,gNID,eps,beta,run
3.251628,1.583765,0.2842698,2.21832,0.05871488863785901,0.02704467624425888,4.164449691772461,0
