complexity,accuracy,distortion,mse,gNID,eps,beta,run
6.2623363,3.46663,0.014142036,9.859118,0.0279732346534729,-0.004274837207049131,30.228151321411133,0
