complexity,accuracy,distortion,mse,gNID,eps,beta,run
4.625381855861853,4.336284147302253,0.7753871807800117,2.912010196219031,[0.0010478181005771914],-0.0016190761700128522,1.048948948948949,0
