complexity,accuracy,distortion,mse,gNID,eps,beta,run
3.9788205256450215,3.850015110125959,1.2616562178304136,5.731734969628309,[0.0001176169139827099],-0.0002587364155036995,0.8349397590361447,0
