complexity,accuracy,distortion,mse,gNID,eps,beta,run
6.1895227,6.188754,0.45367527,0.21203707,0.037124037742614746,-0.0003514098934829235,0.7257104516029358,0
