complexity,accuracy,distortion,mse,gNID,eps,beta,run
5.817564,2.7384958,0.74227715,1577.9316,0.08949947357177734,0.019079742953181267,22.28685760498047,0
