complexity,accuracy,distortion,mse,gNID,eps,beta,run
3.8146973e-06,0.0,0.4158249,1.452723,,0.000572941149584949,0.009999999776482582,0
