complexity,accuracy,distortion,mse,gNID,eps,beta,run
4.6210255606646875,4.333272525117845,0.7783988028703828,2.922017251743556,[0.0013839211867977541],0.003168626095367334,1.0396396396396397,0
