complexity,accuracy,distortion,mse,gNID,eps,beta,run
4.62395563051294,4.335325507780464,0.7763458200616267,2.9149461585062726,[0.0012198228871872496],-0.0020648421578430133,1.048948948948949,0
