complexity,accuracy,distortion,mse,run
0.7143523682895871,0.161444986414498,0.25437990372222075,,0
