complexity,accuracy,distortion,mse,run
4.336763195046052,4.132924132256424,0.9787471958417449,,0
