complexity,accuracy,distortion,mse,round,run
0.4102025,0.12918854,1.7388468,6.122164,0.0,1.0
5.1498413e-05,4.2915344e-05,1.8679924,6.3131976,1.0,1.0
0.0,4.7683716e-07,1.8680348,6.313385,2.0,1.0
0.0,4.7683716e-07,1.8680348,6.313385,3.0,1.0
0.0,4.7683716e-07,1.8680348,6.313385,4.0,1.0
