complexity,accuracy,distortion,mse,gNID,eps,beta,run
1.4988756,1.4959221,3.6157484,164.0696,0.3026472330093384,-0.052657436579465866,0.7257104516029358,0
