complexity,accuracy,distortion,mse,trial
0.9766712,0.88090134,1.0311265,3.5162323,0
0.97666883,0.8808999,1.0311279,3.5162368,1
0.7588949,0.6967139,1.2153139,4.916304,2
0.97666883,0.88090086,1.031127,3.5162368,3
0.97667074,0.8809023,1.0311255,3.5162296,4
0.9766669,0.8808985,1.0311294,3.5162454,5
0.97667074,0.88090086,1.0311265,3.5162313,6
0.9766655,0.8808975,1.0311303,3.5162532,7
