complexity,accuracy,distortion,mse,gNID,eps,beta,run
9.536743e-07,0.0,1.9120278,16.354877,,1.8540062228566967e-05,0.049946632236242294,0
