complexity,accuracy,distortion,mse,run
1.2836125070123572,0.4612604725175089,0.10489400746295985,,0
