complexity,accuracy,distortion,mse,gNID,eps,beta,run
4.638568,0.56526375,0.0008907318,693.10425,0.6919312477111816,0.6501904726028442,5.0,0
