complexity,accuracy,distortion,mse,gNID,eps,beta,run
2.91078,0.3378315,0.07799339,1.1914923,0.7147545516490936,0.403850793838501,5.0,0
