complexity,accuracy,distortion,mse,gNID,eps,beta,run
1.7606721,1.1820259,0.68600893,2.4237843,0.25914822374617486,0.02295381762087345,1.5013408660888672,0
