complexity,accuracy,distortion,mse,gNID,eps,beta,run
6.919794,0.23164368,0.18418121,1.4510965,0.9423440098762512,1.2268911600112915,5.0,0
