complexity,accuracy,distortion,mse,gNID,eps,beta,run
5.372989,4.6873426,0.42432785,1.6989448,0.0254172682762146,-0.013355303555727005,1.7576651573181152,0
