complexity,accuracy,distortion,mse,gNID,eps,beta,run
4.625219734032585,4.336180639107699,0.7754906888779338,2.9122651273948734,[0.0010649945345015954],-0.0016749545598373939,1.048948948948949,0
