complexity,accuracy,distortion,mse,gNID,eps,beta,run
1.3449211,1.3427048,3.7689657,201.53212,0.323472797870636,-0.0536719411611557,0.7257104516029358,0
