complexity,accuracy,distortion,mse,gNID,eps,beta,run
0.08998108,0.051000595,0.5151539,1432.9594,0.030541718006134033,-0.0010795432608574629,1.1717811822891235,0
