complexity,accuracy,distortion,mse,run
0.7437936424091856,0.607853931894673,1.2601813845726122,,0
