complexity,accuracy,distortion,mse,gNID,eps,beta,run
0.3468399,0.34480095,3.135972,937.71326,0.3000364303588867,-0.02248399332165718,0.7057371735572815,0
