complexity,accuracy,distortion,mse,gNID,eps,beta,run
9.536743e-07,0.0,1.9178658,1539.8921,-0.5,-1.613593485672027e-05,0.32291528582572937,0
