complexity,accuracy,distortion,mse,gNID,eps,beta,run
2.636249980985209,2.617115925055554,2.494555403017028,32.406734333105554,[0.00043271253386967246],-4.0145980037602236e-05,0.7138677354709418,0
