complexity,accuracy,distortion,mse,gNID,eps,beta,run
6.3023667,3.4680166,0.012756348,9.861525,0.025730133056640625,-0.003621381940320134,31.082054138183594,0
