complexity,accuracy,distortion,mse,run
2.8637662299498654,2.632779664994862,0.8479933071120715,,0
