complexity,accuracy,distortion,mse,gNID,eps,beta,run
2.8657846,2.6352634,0.8455095,31.878094,0.000879824161529541,-0.00047657397226430476,0.9744744896888733,0
