complexity,accuracy,distortion,mse,gNID,eps,beta,run
0.08998108,0.089497566,3.3912754,1330.662,0.3036552667617798,-0.006634422577917576,0.6657904982566833,0
