complexity,accuracy,distortion,mse,gNID,eps,beta,run
6.0308933,3.1888056,0.2919674,368.29993,0.04868769645690918,0.004334714729338884,24.165443420410156,0
