complexity,accuracy,distortion,mse,gNID,eps,beta,run
0.33340836,0.3334074,6.3104486,952.57697,0.8590342104434967,1.4323940149552072e-06,0.6657904982566833,0
