complexity,accuracy,distortion,mse,run
1.8514916099602834,1.456659848551766,0.4553679872941814,,0
