complexity,accuracy,distortion,mse,gNID,eps,beta,run
0.34358025,0.1852417,0.38091278,1204.1755,0.008420169353485107,-0.0017207303317263722,1.4347631931304932,0
