complexity,accuracy,distortion,mse,run
3.302128567801943,1.8216220456773566,0.04641327078992852,,0
