complexity,accuracy,distortion,mse,gNID,eps,beta,run
5.459593,5.4591208,1.1833086,0.551449,0.10974949598312378,-0.0005821664235554636,0.7190526723861694,0
