complexity,accuracy,distortion,mse,gNID,eps,beta,run
5.997632,3.4030933,0.077679634,11.301212,0.04423445463180542,-0.004092567600309849,23.14076042175293,0
