complexity,accuracy,distortion,mse,gNID,eps,beta,run
3.4638958368304884e-14,8.126743722414176e-11,1.91202762396947,13.65804649372625,[nan],7.50318664988401e-15,0.2367469879518072,0
