complexity,accuracy,distortion,mse,sender_delta,receiver_delta,min_epsilon,min_beta,run
3.679457742330968,3.516611477878353,33.24290215610125,9.152824368437528,9.999924936314644e-05,5.323502454219728e-05,2.395145758512001e-05,1.2688442211055277,0
