complexity,accuracy,distortion,mse,run
4.552877816575842,4.287754041870128,0.8239172861005173,,0
