complexity,accuracy,distortion,mse,gNID,eps,beta,run
4.5237492484217965,4.262093862900297,0.8495774651400421,3.158467697002907,[0.00478807436167461],-0.003428238553815303,1.0117117117117118,0
