complexity,accuracy,distortion,mse,gNID,eps,beta,run
4.62537348411659,4.336278835877048,0.7753924920785629,2.9119984160209915,[0.0010536706547680241],-0.0016219936144545538,1.048948948948949,0
