complexity,accuracy,distortion,mse,gNID,eps,beta,run
4.625303479011366,4.336234020805319,0.7754373072188674,2.912124702511462,[0.0010616048307562354],-0.0016460081815218082,1.048948948948949,0
