complexity,accuracy,distortion,mse,run
4.487830573290962,4.242571899667462,0.8690994286342697,,0
