complexity,accuracy,distortion,mse,gNID,eps,beta,run
9.536743e-07,0.0,1.9120288,16.354912,,5.580543074756861e-05,0.016657771542668343,0
