complexity,accuracy,distortion,mse,run
3.069122383634062,1.8675740914460048,0.04445374439994243,,0
