complexity,accuracy,distortion,mse,gNID,eps,beta,run
2.9133081,1.8193955,0.09263229,1.0389651,0.03931856155395508,-0.033094897866249084,3.2523348331451416,0
