complexity,accuracy,distortion,mse,gNID,eps,beta,run
0.0,0.0,0.41582584,1.4526384,0.0,1.8038299458567053e-05,0.053275518119335175,0
