complexity,accuracy,distortion,mse,gNID,eps,beta,run
0.33340836,0.18017769,0.3859768,1213.3461,0.008071362972259521,-0.0022965790703892708,1.4214476346969604,0
