complexity,accuracy,distortion,mse,gNID,eps,beta,run
1.4943724,1.4656935,2.0150795,171.522,0.140239417552948,-0.040805790573358536,0.7685123682022095,0
