complexity,accuracy,distortion,mse,gNID,eps,beta,run
3.006404,2.730196,0.750577,27.982986,0.00021320581436157227,0.00038923954707570374,1.0419546365737915,0
