complexity,accuracy,distortion,mse,run
5.082541968931212,4.604747876428515,0.5069226176510746,,0
