complexity,accuracy,distortion,mse,gNID,eps,beta,run
5.0223684,4.306204,0.80546665,8.638476,0.06568789482116699,0.18082386255264282,1.3182522058486938,0
