complexity,accuracy,distortion,mse,round,run
0.39691687,0.11052561,1.7575097,6.1308274,0.0,1.0
0.57287836,0.1929164,1.6751189,5.8777943,1.0,1.0
1.9135733,0.7703681,1.0976672,4.2260394,2.0,1.0
2.879217,1.330234,0.53780127,2.463715,3.0,1.0
3.126872,1.521071,0.34696436,1.9628124,4.0,1.0
3.2060013,1.5774412,0.2905941,1.8514391,5.0,1.0
3.24331,1.5899138,0.27812147,1.8481293,6.0,1.0
3.2516024,1.5918674,0.27616787,1.8473387,7.0,1.0
3.2516294,1.5918703,0.276165,1.8473375,8.0,1.0
