complexity,accuracy,distortion,mse,gNID,eps,beta,run
3.6029472,3.0100641,0.47070885,18.218433,0.026806414127349854,0.0072332508862018585,1.6224149465560913,0
