complexity,accuracy,distortion,mse,gNID,eps,beta,run
1.498765,1.4958105,3.61586,164.09285,0.3026561737060547,-0.052657436579465866,0.7257104516029358,0
