complexity,accuracy,distortion,mse,gNID,eps,beta,run
2.9830184,2.7148895,0.76588345,28.566874,0.00024646520614624023,-0.0002134643727913499,1.0303303003311157,0
