complexity,accuracy,distortion,mse,gNID,eps,beta,run
2.98461,2.71601,0.7647629,28.52169,0.0003516674041748047,-0.0007182676927186549,1.0319679975509644,0
