complexity,accuracy,distortion,mse,gNID,eps,beta,run
2.4565418,1.4074216,0.50460577,2.475913,0.1589527726173401,0.0401763841509819,2.5499398708343506,0
