complexity,accuracy,distortion,mse,gNID,eps,beta,run
0.062238693,0.019018173,0.39680672,1.429171,0.015241622924804688,3.059513801417779e-06,2.137158155441284,0
