complexity,accuracy,distortion,mse,gNID,eps,beta,run
7.882407062290893,6.660848611923523,0.1638191174423564,1.346153856329796,0.026042057908328697,-0.026209332048892975,2.8728418350219727,0
7.883273708315164,6.664469165559453,0.1601985638064267,1.3497273564769108,0.02447478113460866,-0.0240783728659153,2.842881917953491,1
7.909538378588845,6.679430893570604,0.1452368357952753,1.2738085745023855,0.023373716944164014,-0.02488321252167225,2.889486312866211,2
7.919916943473497,6.685721971508501,0.1389457578573782,1.2519050941937522,0.023777444019367544,-0.02722022868692875,2.9294328689575195,3
7.974021189553955,6.707340534373122,0.1173271949927574,1.2048152035967292,0.020400909732624206,-0.023092033341526985,3.009326219558716,4
7.949778659755767,6.697635401470485,0.1270323278953942,1.225644154801899,0.022226811402781488,-0.025789501145482063,2.9826951026916504,5
7.8828127417902625,6.670573415166469,0.1540943141994102,1.2919883030908612,0.0246702411850952,-0.026738006621599197,2.8462107181549072,6
6.132264429292267,4.722613911544803,2.1020538178210764,6310.894471765636,0.24471373336352653,0.2803584337234497,1.9807004928588867,7
