complexity,accuracy,distortion,mse,gNID,eps,beta,run
6.256395,6.256395,0.3874612,0.18000007,0.035865724086761475,0.0,0.7257104516029358,0
