complexity,accuracy,distortion,mse,gNID,eps,beta,run
4.625264034815359,4.33620787096749,0.7754634570659693,2.9122071002401997,[0.0010600487936021086],-0.0016586821192768923,1.048948948948949,0
