complexity,accuracy,distortion,mse,run
2.428875545338922,2.4150213604819886,2.6966499678197433,,0
