complexity,accuracy,distortion,mse,gNID,eps,beta,run
0.34684086,0.3466339,4.7650375,934.7008,0.5857070088386536,-0.02548918128013611,0.6924216151237488,0
