complexity,accuracy,distortion,mse,gNID,eps,beta,run
0.0,0.0,1.9120278,16.012989,,-7.305268354684813e-07,0.03330220282077789,0
