complexity,accuracy,distortion,mse,gNID,eps,beta,run
3.1805897,0.24397564,0.17184925,1.4057006,0.8112233579158783,0.47658392786979675,5.0,0
