complexity,accuracy,distortion,mse,trial
0.6750889,0.62661123,1.2854166,5.589867,0
0.6757183,0.6271553,1.2848725,5.584832,1
0.6614175,0.61479616,1.2972317,5.6998544,2
0.67487097,0.62642145,1.2856064,5.5917115,3
0.6728854,0.6247082,1.2873197,5.6074867,4
0.6722379,0.6241479,1.2878795,5.6126895,5
0.6734905,0.6252284,1.286799,5.602765,6
0.67425776,0.62589455,1.2861333,5.5965014,7
