complexity,accuracy,distortion,mse
2.6727598,1.7141604,0.19786692,0.41081992
2.6498463,1.7461848,0.16584301,0.3300605
0.79553413,0.72154856,1.1904788,4.825812
2.6818647,1.7459707,0.16605711,0.3073651
2.9576356,1.8149395,0.09708786,0.16357544
2.3269477,1.6036463,0.30838156,0.63720644
2.683835,1.747026,0.16500187,0.30058485
2.3508015,1.6254573,0.28657055,0.60734135
