complexity,accuracy,distortion,mse,gNID,eps,beta,run
3.0141993,0.34334564,0.07247925,1.1901399,0.7240341007709503,0.4234318435192108,5.0,0
