complexity,accuracy,distortion,mse,run
6.072603918841084,3.4668633129322703,0.013909659174663247,,0
