complexity,accuracy,distortion,mse,gNID,eps,beta,run
5.3493795,0.40072536,0.015099525,1.1603839,0.8622606992721558,0.8789919018745422,5.0,0
