complexity,accuracy,distortion,mse,gNID,eps,beta,run
2.5219283,1.465406,0.4466219,4.35934,0.14515799283981323,0.021901391446590424,2.6531355381011963,0
