complexity,accuracy,distortion,mse,gNID,eps,beta,run
6.2231183,4.981086,0.13058472,1.1702042,0.026228606700897217,-0.021735602989792824,2.962721824645996,0
