complexity,accuracy,distortion,mse,gNID,eps,beta,run
0.08998108,0.089497566,3.3912754,1330.663,0.6328532099723816,-0.014204632490873337,0.6831220984458923,0
