complexity,accuracy,distortion,mse,gNID,eps,beta,run
1.4988365,1.4699192,2.0108538,170.67885,0.13834154605865479,-0.04049555957317352,0.7685123682022095,0
