complexity,accuracy,distortion,mse,gNID,eps,beta,run
1.9073486e-06,0.0,0.4158249,1.452723,,7.186167931649834e-05,0.026644429191946983,0
