complexity,accuracy,distortion,mse,gNID,eps,beta,run
6.248745,4.9998503,0.111821175,1.1711001,0.02684098482131958,-0.02788064442574978,3.0659172534942627,0
