complexity,accuracy
1.3594241,1.167203
1.3583927,1.1665316
0.8375187,0.7546582
1.3597736,1.1674275
1.359386,1.167172
1.3591213,1.1670012
1.3592868,1.167109
1.3592038,1.1670613
