complexity,accuracy
1.35327,1.1631908
1.359426,1.1671915
1.3532724,1.1631927
1.3581195,1.1663542
1.35327,1.1631913
1.3532705,1.1631908
1.3595891,1.1672983
1.3535357,1.1633644
