complexity,accuracy
1.374794,1.1741138
1.374855,1.1741524
1.3752275,1.1744118
1.375205,1.1743941
1.3751502,1.1743569
1.3752747,1.1744447
1.3750768,1.1743083
1.3751907,1.1743851
