complexity,accuracy
1.3592477,1.1670895
1.3587408,1.1667566
0.83751774,0.75465775
1.35919,1.1670427
1.3590007,1.1669145
1.3593664,1.1671586
1.3593178,1.1671205
1.3591857,1.1670442
