complexity,accuracy,distortion,mse,run
3.2364914898498807,3.1902964624776278,1.9213748656327194,,0
