complexity,accuracy,distortion,mse,gNID,eps,beta,run
3.221154987563324,3.1759125096038137,1.9357588183607888,14.733349667919285,[0.0001382163479546339],-0.0001813114753415221,0.7413827655310621,0
