complexity,accuracy,distortion,mse,gNID,eps,beta,run
1.8509655,1.8247709,3.2868996,117.33896,0.32025277614593506,-0.02505393512547016,0.7323682308197021,0
