complexity,accuracy,distortion,mse,gNID,eps,beta,run
4.235087136442076,4.0383801874676495,1.073291140615349,4.227297735615202,[0.014292735931932365],9.759198876445224e-06,0.9186186186186186,0
