complexity,accuracy,distortion,mse,gNID,eps,beta,run
3.121926,1.8537812,0.058246613,0.986144,0.03468364477157593,-0.01113313902169466,3.921441078186035,0
