complexity,accuracy,distortion,mse,gNID,eps,beta,run
0.0,0.0,0.4158249,1.452723,,4.421694086431671e-07,0.016657771542668343,0
