complexity,accuracy,distortion,mse,round,run
5.916217,2.7767763,0.70399666,1508.9885,0.0,1.0
1.6575451,0.6155038,2.8652692,814.3658,1.0,1.0
1.594953,0.5919583,2.8888147,821.0844,2.0,1.0
