complexity,accuracy,distortion,mse,gNID,eps,beta,run
0.4889814317556693,0.4578720315137721,1.4541555909579404,7.844292819923834,[0.0011373294913122889],0.001270658382396641,0.7531663326653306,0
