complexity,accuracy,distortion,mse,trial
0.34683895,0.34480095,3.135972,1217.4645,0
0.34684086,0.3448019,3.135971,1217.4645,1
0.3468399,0.34480286,3.13597,1217.4645,2
0.34684086,0.34480095,3.135972,1217.4645,3
0.34684038,0.34480095,3.135972,1217.4645,4
0.3468399,0.34480095,3.135972,1217.4645,5
0.34684086,0.3448019,3.135971,1217.4647,6
0.3468399,0.3448,3.135973,1217.4647,7
