complexity,accuracy,distortion,mse,run
4.624555947971103,4.336257796703038,0.7754135311635846,,0
