complexity,accuracy,distortion,mse,gNID,eps,beta,run
5.301221,3.4223118,0.05846119,10.388705,0.015123903751373291,-0.006288651842623949,11.100733757019043,0
