complexity,accuracy,distortion,mse,run
3.2173249512557547,3.172342047689579,1.939329280324415,,0
