complexity,accuracy,distortion,mse,gNID,eps,beta,run
6.239102,6.2383103,0.404119,0.20466393,0.03317755460739136,-0.0003185567620676011,0.7257104516029358,0
