complexity,accuracy,distortion,mse,gNID,eps,beta,run
1.7763568394002505e-15,2.1672619254786696e-10,1.9120276238605405,14.493533895243663,[-1.0],-3.766794419771906e-15,0.7073747494989979,0
