complexity,accuracy,distortion,mse,gNID,eps,beta,run
3.1531372,0.2322321,0.1835928,1.4229517,0.8105975538492203,0.4734421372413635,5.0,0
