complexity,accuracy,distortion,mse,round,run
2.9219284,1.5145626,0.39746523,18.962217,0.0,1.0
2.9219284,1.5145626,0.39746523,18.962217,1.0,1.0
