complexity,accuracy,distortion,mse,gNID,eps,beta,run
1.8180695,1.7682714,1.7125015,108.81055,0.011818349361419678,-0.013326514512300491,0.7685123682022095,0
