complexity,accuracy,distortion,mse,round,run
5.4198346,3.9369154,1.174756,1701.0562,0.0,1.0
0.35960293,0.35917282,4.7524986,1088.9565,1.0,1.0
0.3768959,0.37663746,4.735034,937.6769,2.0,1.0
0.35925865,0.35903645,4.752635,932.9042,3.0,1.0
0.34959412,0.34938335,4.762288,937.17737,4.0,1.0
0.34636116,0.34615517,4.7655163,938.01013,5.0,1.0
0.3457718,0.34556675,4.7661047,937.2711,6.0,1.0
0.34597397,0.34576893,4.7659025,936.3413,7.0,1.0
0.3462839,0.34607983,4.7655916,935.6472,8.0,1.0
0.34651947,0.34631443,4.765357,935.2147,9.0,1.0
0.34666634,0.34646225,4.765209,934.969,10.0,1.0
0.34675026,0.3465433,4.765128,934.8368,11.0,1.0
0.34679508,0.3465891,4.7650824,934.76825,12.0,1.0
0.34681797,0.34661293,4.7650585,934.7336,13.0,1.0
0.3468294,0.34662437,4.765047,934.7163,14.0,1.0
0.34683514,0.34663105,4.7650404,934.7079,15.0,1.0
0.346838,0.346632,4.7650394,934.70386,16.0,1.0
0.34683895,0.34663486,4.7650366,934.7018,17.0,1.0
0.3468399,0.34663486,4.7650366,934.70087,18.0,1.0
0.34684086,0.3466339,4.7650375,934.70044,19.0,1.0
0.34684086,0.34663582,4.7650356,934.7002,20.0,1.0
0.3468399,0.34663486,4.7650366,934.70013,21.0,1.0
0.3468399,0.34663486,4.7650366,934.69995,22.0,1.0
0.34684086,0.3466339,4.7650375,934.7001,23.0,1.0
0.34684086,0.34663582,4.7650356,934.69995,24.0,1.0
0.3468399,0.3466339,4.7650375,934.7,25.0,1.0
0.34684086,0.3466339,4.7650375,934.7,26.0,1.0
0.3468399,0.3466339,4.7650375,934.69995,27.0,1.0
0.34684086,0.34663582,4.7650356,934.7,28.0,1.0
0.34684086,0.34663486,4.7650366,934.7,29.0,1.0
0.3468399,0.34663582,4.7650356,934.7,30.0,1.0
0.3468418,0.34663582,4.7650356,934.69995,31.0,1.0
0.34684086,0.34663486,4.7650366,934.69995,32.0,1.0
0.34684086,0.34663582,4.7650356,934.69995,33.0,1.0
0.34684086,0.34663582,4.7650356,934.69995,34.0,1.0
0.34684086,0.34663582,4.7650356,934.69995,35.0,1.0
0.34684086,0.34663582,4.7650356,934.69995,36.0,1.0
0.3468399,0.34663486,4.7650366,934.7,37.0,1.0
0.3468399,0.34663582,4.7650356,934.69995,38.0,1.0
0.3468399,0.34663486,4.7650366,934.69995,39.0,1.0
0.34684086,0.34663486,4.7650366,934.69995,40.0,1.0
0.34684086,0.34663486,4.7650366,934.69995,41.0,1.0
0.34684086,0.34663486,4.7650366,934.69995,42.0,1.0
0.3468399,0.34663486,4.7650366,934.69995,43.0,1.0
0.3468399,0.34663486,4.7650366,934.69995,44.0,1.0
0.3468399,0.34663486,4.7650366,934.69995,45.0,1.0
0.3468399,0.34663486,4.7650366,934.69995,46.0,1.0
