complexity,accuracy,distortion,mse,round,run
2.110175,0.93582106,0.9762068,15.677631,0.0,1.0
0.00021123886,0.00019931793,1.9118285,16.353079,1.0,1.0
9.536743e-07,4.7683716e-07,1.9120274,16.354916,2.0,1.0
0.0,4.7683716e-07,1.9120274,16.354918,3.0,1.0
4.7683716e-07,0.0,1.9120278,16.35492,4.0,1.0
