complexity,accuracy,distortion,mse,gNID,eps,beta,run
4.7683716e-07,0.0,1.9120278,15.155559,-1.0,9.295983181800693e-05,0.009999999776482582,0
