complexity,accuracy,distortion,mse,run
6.360771663424569,5.056836052010048,0.05483444206954147,,0
