complexity,accuracy,distortion,mse,run
3.205598945389884,3.1614103674672,1.9502609605034316,,0
