complexity,accuracy,distortion,mse,run
4.117982570989872,3.836792752057878,1.1026992895249286,,0
