complexity,accuracy,distortion,mse,run
6.40385627746582,0.49431610107421875,0.07183837890625,808.1629028320312,0
6.396307945251465,0.5049276351928711,0.061226844787597656,780.9769287109375,1
6.443857192993164,0.5062675476074219,0.059886932373046875,787.2156372070312,2
6.256307601928711,0.45195579528808594,0.11419868469238281,878.6160888671875,3
1.8211971813864327,0.08496124998494459,0.48119322999552416,1425.9694590820493,4
0.12184355074786346,0.00449726487789448,0.5616572151025743,1571.930697085026,5
0.06089359500348124,0.004628773430900068,0.5615257065495687,1571.578865836584,6
0.12184353079729959,0.0021214463036116626,0.5640330336768571,1577.6251037727338,7
