complexity,accuracy,distortion,mse,gNID,eps,beta,run
1.3447104,1.342493,3.7691774,201.58044,0.3236057758331299,-0.0536719411611557,0.7257104516029358,0
