complexity,accuracy,distortion,mse,gNID,eps,beta,run
2.6452703,2.625905,2.4857655,32.06076,0.05551987886428833,-0.037452347576618195,0.7356971502304077,0
