complexity,accuracy,distortion,mse,gNID,eps,beta,run
5.15975,4.565091,0.54657936,2.1953058,0.03050011396408081,0.004077733960002661,1.5313009023666382,0
