complexity,accuracy,distortion,mse,gNID,eps,beta,run
4.7683716e-06,3.8146973e-06,1.9120235,11.225598,,6.97430587024428e-05,0.013328885659575462,0
