complexity,accuracy,distortion,mse,gNID,eps,beta,run
1.3448801,1.3426619,3.7690086,201.5414,0.32349902391433716,-0.0536719411611557,0.7257104516029358,0
