complexity,accuracy,distortion,mse,gNID,eps,beta,run
4.0494146,3.2269926,0.25378036,13.80882,0.000885009765625,-0.000272014964139089,2.305536985397339,0
