complexity,accuracy,distortion,mse,gNID,eps,beta,run
2.422028587066542,2.408303364499787,2.703367963574525,43.43509360556257,[0.00029590149721570036],-0.00010153309648958847,0.7082765531062124,0
