complexity,accuracy,distortion,mse,gNID,eps,beta,run
3.0016165,0.34283638,0.07298851,1.1901515,0.723278284072876,0.4210171401500702,5.0,0
