complexity,accuracy,distortion,mse,round,run
0.005261898,0.0021953583,1.9098325,16.380358,0.0,1.0
0.0116353035,0.004523754,1.9075041,16.332838,1.0,1.0
0.07476807,0.029123783,1.882904,16.04008,2.0,1.0
0.4348855,0.18498039,1.7270474,14.14465,3.0,1.0
1.6373329,0.8481593,1.0638685,8.016862,4.0,1.0
2.736406,1.576807,0.3352208,3.6562822,5.0,1.0
3.0559244,1.8027058,0.10932207,1.680047,6.0,1.0
3.117902,1.8621964,0.04983139,0.98206204,7.0,1.0
3.1219246,1.8663278,0.045700073,0.95287466,8.0,1.0
