complexity,accuracy,distortion,mse,gNID,eps,beta,run
0.3468399,0.34663486,4.7650366,934.7008,0.5857172906398773,-0.025487802922725677,0.6924216151237488,0
