complexity,accuracy,distortion,mse,gNID,eps,beta,run
3.1219286918640137,1.7242274284362793,0.1878004074096679,1.7904804944992063,0.03702274161272967,0.02183719351887703,3.928098678588867,0
3.1219282150268555,1.714561939239502,0.1974658966064453,2.236269474029541,0.03702283872652934,0.024297675117850304,3.928098678588867,1
3.1219279766082764,1.7120418548583984,0.1999859809875488,4.605031967163086,0.03702268687743504,0.02493935264647007,3.928098678588867,2
2.64643931388855,1.578878402709961,0.3331494331359863,1.9233454465866089,0.13828129917798737,0.0006756745278835297,2.8129220008850098,3
0.7676983219421132,0.3140155981402639,1.5980122377056831,16.28051415279133,0.7473070374205459,-0.18013063073158264,2.440086841583252,4
0.8582965537994554,0.371340150177085,1.5406876856688625,13.853447711120667,0.732965286807783,-0.21076393127441406,2.906130790710449,5
0.279375429157886,0.0978411279314013,1.814187184751704,16.373680775115158,0.9091420706096873,-0.310697466135025,2.7296998500823975,6
0.8582965635757658,0.3861445109207633,1.525883324925184,13.376667831341642,0.7283257737194351,-0.17939376831054688,2.4767043590545654,7
