complexity,accuracy,distortion,mse,run
4.6001803775633,4.320010598901632,0.79166072896499,,0
