complexity,accuracy,distortion,mse,run
3.2050243103432714,1.894278179497972,0.017749656347975318,,0
