complexity,accuracy,distortion,mse,gNID,eps,beta,run
3.1202664,1.7119355,0.20009232,4.52679,0.03696703910827637,0.024948345497250557,3.911454200744629,0
