complexity,accuracy,distortion,mse,gNID,eps,beta,run
4.476946492801698,4.234746401462319,0.8769249265622854,3.3525050558736975,[0.00150666463211524],-0.0031089984478049645,0.9837837837837838,0
