complexity,accuracy,distortion,mse,gNID,eps,beta,run
4.477773601136702,4.235358153128439,0.8763131748903348,3.3501872251920632,[0.001393511253458768],-0.0028900919784333513,0.9837837837837838,0
