complexity,accuracy,distortion,mse,gNID,eps,beta,run
4.7683716e-07,0.0,1.9120283,15.155559,0.0,-5.1985996833536774e-05,0.3661907911300659,0
