complexity,accuracy,distortion,mse,gNID,eps,beta,run
6.745279282665207,5.227408518819248,1.597259210546632,9270.566053731513,0.16547686174957554,0.36239710450172424,1.9241094589233398,0
8.125383502779309,6.583729007771202,0.2409387215946772,2595.187571436222,0.016991943804025578,0.03317919000983238,3.458725929260254,1
8.121610376621977,6.5799563126038585,0.244711416762021,2148.369438337286,0.017261566962643582,0.03371598199009895,3.4487390518188477,2
8.115549835066105,6.578190775749265,0.2464769536166144,1791.9218268030197,0.01766094431262255,0.033542390912771225,3.4287657737731934,3
8.113262296672524,6.575107493310133,0.2495602360557463,2282.2798684879463,0.017869785759010992,0.034144409000873566,3.4221081733703613,4
8.133731652789049,6.593793378095956,0.2308743512699234,1670.9359532979545,0.01635596198703726,0.03115893341600895,3.4886858463287354,5
8.05333975450353,6.511685263292257,0.3129824660736222,2216.4795376996353,0.02249265328466321,0.04562218487262726,3.2589926719665527,6
3.927659947122056,3.211932490099217,3.6127352392666623,12489.83878236503,0.4265329939530399,0.9179320335388184,0.7257104516029358,7
