complexity,accuracy,distortion,mse,gNID,eps,beta,run
3.2207808195310186,3.175561599252015,1.9361097289381224,14.73734945243836,[0.000194134157666781],-0.00021268213013964074,0.7413827655310621,0
