complexity,accuracy,distortion,mse,run
8.347886671897594,6.822415636690325,0.0022520926755547066,,0
8.347886671897594,6.822415636690325,0.0022520926755547066,,1
8.347886671897594,6.822415636690325,0.0022520926755547066,,2
8.347886671897594,6.822415636690325,0.0022520926755547066,,3
0.8407769620446448,0.8236685428619186,6.000999186503961,,4
0.004262098930521319,0.004092091898662886,6.820575637467217,,5
0.6336742033320526,0.6204286153642471,6.204239114001632,,6
1.6402268772556639,1.6052176499133903,5.219450079452489,,7
