complexity,accuracy,distortion,mse,gNID,eps,beta,run
6.353075,3.4717598,0.009013176,9.80728,0.018516361713409424,-0.003003895515576005,32.87525177001953,0
