complexity,accuracy,distortion,mse,gNID,eps,beta,run
3.214868613234046,3.1699475404305666,1.9417237875595197,14.8081524094886,[0.00031989799615639303],-0.0009069842263053362,0.7409619238476954,0
