complexity,accuracy,distortion,mse,trial
2.0180879,1.9838037,2.1414547,20.23189,0
2.0217023,1.987381,2.1378775,20.009605,1
2.019414,1.9850931,2.1401644,20.163279,2
2.0146556,1.9803581,2.1448994,20.467815,3
2.0143056,1.9799829,2.1452756,20.501766,4
1.9939799,1.9598255,2.165433,21.76808,5
1.999886,1.9656796,2.1595788,21.39795,6
2.021574,1.9872522,2.1380062,20.018505,7
