complexity,accuracy,distortion,mse,run
2.625592464714778,2.588588347835435,3.0089808310267747,,0
