complexity,accuracy,distortion,mse,gNID,eps,beta,run
3.481328,2.9372177,0.54355526,20.215689,0.040279388427734375,0.0005144492024555802,1.537024736404419,0
