complexity,accuracy,distortion,mse,gNID,eps,beta,run
6.2495937,6.2495937,0.3942623,0.20286962,0.034959256649017334,0.0,0.7257104516029358,0
