complexity,accuracy,distortion,mse,gNID,eps,beta,run
3.4000063,2.9631624,0.51761055,20.04044,0.007376432418823242,0.015524345450103283,1.2808538675308228,0
