complexity,accuracy,distortion,mse,round,run
0.54345226,0.17675304,1.6912823,5.964018,0.0,1.0
9.536743e-07,1.4305115e-06,1.8680339,6.313381,1.0,1.0
0.0,0.0,1.8680353,6.313385,2.0,1.0
0.0,0.0,1.8680353,6.313385,3.0,1.0
