complexity,accuracy,distortion,mse,round,run
2.7219286,1.4807787,0.43124914,16.297981,0.0,1.0
2.7219286,1.4807787,0.43124914,16.297981,1.0,1.0
