complexity,accuracy,distortion,mse,gNID,eps,beta,run
0.34684038,0.34663534,4.765035,934.69995,0.58570197224617,-0.02548918128013611,0.6924216151237488,0
