complexity,accuracy,distortion,mse,run
3.205598945613147,3.161410367967342,1.9502609603343775,,0
