complexity,accuracy,distortion,mse,gNID,eps,beta,run
3.2187329122301893,3.1736420808453847,1.9380292472586973,14.759116779494946,[0.00016663573219022343],-0.00020801697869589768,0.7412424849699398,0
