complexity,accuracy,distortion,mse,gNID,eps,beta,run
4.477857553431566,4.235419307355922,0.8762520205403312,3.3499590701513275,[0.0013841669978320592],-0.0028669181072169436,0.9837837837837838,0
