complexity,accuracy,distortion,mse,gNID,eps,beta,run
0.3468399,0.34663677,4.7650347,934.69995,0.5857185423374176,-0.02549193613231182,0.6924216151237488,0
