complexity,accuracy,distortion,mse,gNID,eps,beta,run
3.1205852,1.7119279,0.20009995,7.6282935,0.03689873218536377,0.025031913071870804,3.911454200744629,0
