complexity,accuracy
5.806863,4.3186693
5.257557,3.7767477
5.7003927,4.1839933
5.3084574,3.8178825
5.312089,3.8210478
5.7724304,4.2447004
5.353324,3.8696022
5.6589975,4.1515913
