complexity,accuracy,distortion,mse,run
5.649289030125203,4.846194990740711,0.2654755033388785,,0
