complexity,accuracy,distortion,mse,gNID,eps,beta,run
0.56981015,0.3884399,0.3655603,1.325236,0.03655919923938,-0.015107196755707264,1.1784389019012451,0
