complexity,accuracy,distortion,mse,run
1.182240351825973,1.149646194061182,3.962024300018408,,0
