complexity,accuracy,distortion,mse,run
1.9702514730797667,1.9290838928397829,3.182586601239807,,0
