complexity,accuracy,distortion,mse,gNID,eps,beta,run
1.4987411,1.4698296,2.0109434,170.69855,0.13837891817092896,-0.04050300270318985,0.7685123682022095,0
