complexity,accuracy,distortion,mse,gNID,eps,beta,run
5.153309,0.38730335,0.028521538,1.1752558,0.8608289211988449,0.8431801795959473,4.996671199798584,0
