complexity,accuracy,distortion,mse,gNID,eps,beta,run
7.859952090117007,6.661617815000698,0.1630499143651818,1.3190718659561431,0.025249788875029155,-0.02809424139559269,2.8129220008850098,0
7.936102158509126,6.69081499513473,0.1338527342311497,1.248040290663096,0.022032189671329805,-0.02463998831808567,2.942748546600342,1
7.879072764962334,6.6754909138395195,0.1491768155263599,1.2708641704030204,0.023281482871776893,-0.027357248589396477,2.822908639907837,2
7.936092536662763,6.6949837998650334,0.129683929500846,1.229890961255718,0.021734887265298597,-0.025748778134584427,2.9394195079803467,3
7.961195499657229,6.700952673088468,0.1237150562774118,1.223179780228747,0.0205978532478579,-0.023073984310030937,2.9826951026916504,4
7.944658288838937,6.695681246096434,0.1289864832694451,1.233026394136751,0.021960386544700117,-0.025179734453558922,2.962721824645996,5
7.947409852280877,6.701006990223121,0.1236607391427586,1.2144998865649617,0.020971216721543673,-0.025139153003692627,2.952735185623169,6
7.0554044272788214,6.3373589528616385,0.487308776504241,2.130673812378697,0.05184608053044226,-0.06974871456623077,1.9840294122695923,7
