complexity,accuracy,distortion,mse,gNID,eps,beta,run
3.3728867,0.2874174,0.12840748,1.2866509,0.7974650263786316,0.5063547492027283,5.0,0
