complexity,accuracy,distortion,mse,gNID,eps,beta,run
1.5152388,1.2678366,0.64419127,2.314871,0.0033821596915285523,0.001314497203566134,1.1151901483535767,0
