complexity,accuracy,distortion,mse,gNID,eps,beta,run
5.967699,2.948186,0.53258705,138.99077,0.06778460741043091,0.012071600183844566,23.909273147583008,0
