complexity,accuracy,distortion,mse,gNID,eps,beta,run
4.477794682261726,4.235375397000109,0.8762959310242664,3.350111412587034,[0.0013911688169347958],-0.002886191450565184,0.9837837837837838,0
