complexity,accuracy,distortion,mse,run
6.465195171486515,6.464126327558241,0.1783030242483994,,0
