complexity,accuracy,distortion,mse,run
1.5032019022132292,1.2578863817606631,0.6541414540852841,,0
