complexity,accuracy,distortion,mse,gNID,eps,beta,run
1.5060363,1.262156,0.6498718,2.320174,0.001148819923400879,-0.0012947287177667022,1.1085323095321655,0
