complexity,accuracy,distortion,mse,gNID,eps,beta,run
1.5069823027275993,1.258508652478139,0.6535189711455542,2.3184590460995973,[0.00832907788037407],0.010990789686339916,1.0861861861861861,0
