complexity,accuracy,distortion,mse,run
0.29396712919641743,0.15845183524917772,0.40770264473129103,,0
