complexity,accuracy,distortion,mse,gNID,eps,beta,run
0.29375744,0.1601429,0.40601158,1248.37,0.008728861808776855,-0.0013926399406045675,1.3648566007614136,0
