complexity,accuracy,distortion,mse,gNID,eps,beta,run
2.9219263,1.6537771,0.2582507,5.4691057,0.07682108879089355,0.017463866621255875,3.288952589035034,0
