complexity,accuracy,distortion,mse,gNID,eps,beta,run
3.2516289,1.5645905,0.3034444,2.332165,0.05884279345880161,0.03164925426244736,4.164449691772461,0
