complexity,accuracy,distortion,mse,run
2.0051265316567424e-05,6.226482600624195e-06,0.4158186636541181,,0
