complexity,accuracy,distortion,mse,gNID,eps,beta,run
0.0,1.9073486e-06,0.41582298,1.4478853,,-2.0698558728327043e-05,0.852208137512207,0
