complexity,accuracy,distortion,mse,gNID,eps,beta,run
4.625321792013656,4.336245383800561,0.7754259442158205,2.9120723149688055,[0.0010559692831019207],-0.0016393825060888273,1.048948948948949,0
