complexity,accuracy,distortion,mse,gNID,eps,beta,run
4.625370133541187,4.336276663814964,0.7753946643183962,2.9120098782882673,[0.0010502550903828123],-0.0016231171677909457,1.048948948948949,0
