complexity,accuracy,distortion,mse,run
3.205148849867595,1.8942866537258336,0.017741182120113663,,0
