complexity,accuracy,distortion,mse,gNID,eps,beta,run
0.3468399,0.32705402,1.5908117,966.57874,0.010585546493530273,-0.008535758592188358,0.755670428276062,0
