complexity,accuracy,distortion,mse,run
2.630030817622943,2.611156241951747,2.500515086102409,,0
