complexity,accuracy,distortion,mse,gNID,eps,beta,run
2.626829604154306,2.6078959040829,2.503775423731348,32.52319802528329,[0.0007744716596209678],8.28575735454762e-05,0.713567134268537,0
