complexity,accuracy,distortion,mse,run
4.299479533945835,4.105064042007308,1.0066072861030388,,0
