complexity,accuracy,distortion,mse,gNID,eps,beta,run
4.545665081087879,4.278548830263423,0.8331224976227691,3.101443134967397,[0.0042300676490799605],-0.004415223356616196,1.021021021021021,0
