complexity,accuracy,distortion,mse,gNID,eps,beta,run
4.7683716e-07,4.7683716e-07,1.8680348,6.313385,1.0000000033382286,-0.3278615176677704,5.0,0
