complexity,accuracy,distortion,mse,round,run
0.5888953,0.2062931,1.6617422,5.746312,0.0,1.0
0.0001540184,0.00012874603,1.8679066,6.312829,1.0,1.0
0.0,4.7683716e-07,1.8680348,6.313384,2.0,1.0
0.0,9.536743e-07,1.8680344,6.313385,3.0,1.0
4.7683716e-07,4.7683716e-07,1.8680348,6.313385,4.0,1.0
