complexity,accuracy,distortion,mse,gNID,eps,beta,run
4.625386151143067,4.33628679083599,0.7753845371999954,2.9120163815276223,[0.001049140270834692],-0.001617501488577186,1.048948948948949,0
