complexity,accuracy,distortion,mse,run
1.7711013924856776,1.7311858468768637,3.380484647202726,,0
