complexity,accuracy,distortion,mse,gNID,eps,beta,run
4.06619,3.9218397,1.1898308,5.182142,0.0014472603797912598,-0.00411993870511651,0.832234799861908,0
