complexity,accuracy,distortion,mse,gNID,eps,beta,run
4.066861066792768,3.92226302885188,1.1894082992306585,5.179634352841877,[0.0002961790985510637],0.000518937037358602,0.8530120481927712,0
