complexity,accuracy,distortion,mse,gNID,eps,beta,run
6.4238567,4.891671,0.21999931,251.45685,0.019608736038208008,0.029429621994495392,3.5585923194885254,0
