complexity,accuracy,distortion,mse,gNID,eps,beta,run
0.0,9.536743e-07,0.41582394,1.4526377,,-9.463087189942598e-05,0.009999999776482582,0
