complexity,accuracy,distortion,mse,round,run
0.41594124,0.1553793,1.7566485,17.599915,0.0,1.0
2.670288e-05,2.4318695e-05,1.9120035,16.354532,1.0,1.0
0.0,0.0,1.9120283,16.354801,2.0,1.0
4.7683716e-07,4.7683716e-07,1.9120274,16.354805,3.0,1.0
0.0,4.7683716e-07,1.9120274,16.354805,4.0,1.0
