complexity,accuracy,distortion,mse,gNID,eps,beta,run
2.7219276,1.3687878,0.5432401,11.718394,0.13766062259674072,0.08443266898393631,2.9261040687561035,0
