complexity,accuracy,distortion,mse,gNID,eps,beta,run
2.8659267,2.6353607,0.84541225,31.874144,0.00019729137420654297,-0.0016283434815704823,0.9753769040107727,0
