complexity,accuracy,distortion,mse,gNID,eps,beta,run
2.9868288,2.7174978,0.76327515,28.463995,0.00021773576736450195,-9.92075183603447e-06,1.0319679975509644,0
