complexity,accuracy,distortion,mse,gNID,eps,beta,run
5.332862356791101,3.870142251038681,1.241528243040909,358.5246164496557,0.15781521797180176,0.3905866742134094,1.8275717496871948,0
