complexity,accuracy,distortion,mse,gNID,eps,beta,run
0.0,0.0,1.8680348,6.313385,-6.408537213688223,-9.018221317091957e-05,0.3861640989780426,0
