complexity,accuracy,distortion,mse,run
6.477915745198127,3.4780311569112374,0.0027418151956961623,,0
