complexity,accuracy,distortion,mse,gNID,eps,beta,run
0.20713400269449878,0.09062300931037193,3.3901499627965617,1650.5625213531548,,,,0
