complexity,accuracy,distortion,mse,round,run
5.9187536,2.8301182,0.6506548,1780.3673,0.0,1.0
0.20713401,0.090623006,3.39015,1650.5625,1.0,1.0
