complexity,accuracy,distortion,mse,run
4.635516953614262,4.342976193453788,0.7686943006258016,,0
