complexity,accuracy,distortion,mse,run
3.467550636292005,3.3445650255678014,1.8416056630703515,,0
