complexity,accuracy,distortion,mse,gNID,eps,beta,run
0.0,9.536743e-07,1.8680339,6.313385,1.0000000157096607,-0.32786163687705994,5.0,0
