complexity,accuracy,distortion,mse,gNID,eps,beta,run
4.472422660649169,4.231457046019724,0.8802142819918775,3.3640202736028635,[0.0012551767898488775],0.0025148098965165483,0.9744744744744744,0
