complexity,accuracy,distortion,mse,gNID,eps,beta,run
3.0064201,2.7302065,0.7505665,27.98242,0.00612330436706543,0.010373379103839397,1.0246831178665161,0
