complexity,accuracy,distortion,mse,gNID,eps,beta,run
3.0063686,2.730173,0.75059986,27.983618,0.00020903348922729492,0.0003755104262381792,1.0419546365737915,0
