complexity,accuracy,distortion,mse,gNID,eps,beta,run
3.0064592,2.7302303,0.75054264,27.981676,0.00095367431640625,0.0015439355047419667,1.0396395921707153,0
