complexity,accuracy,distortion,mse,run
4.624555948010585,4.336257796748297,0.7754135312942321,,0
