complexity,accuracy,distortion,mse,run
2.641745055605945,2.6038328497116954,2.9742109940493453,,0
