complexity,accuracy,distortion,mse,gNID,eps,beta,run
1.4942312,1.491303,3.6203675,164.94296,0.3026805520057678,-0.05269226059317589,0.7257104516029358,0
