complexity,accuracy,distortion,mse,gNID,eps,beta,run
4.625277591302186,4.336216875638922,0.7754544523935927,2.912173414390741,[0.0010585502724876905],-0.001654342725661953,1.048948948948949,0
