complexity,accuracy,distortion,mse,run
5.3482488180778525,4.728899454031218,0.3827710400483717,,0
