complexity,accuracy,distortion,mse,gNID,eps,beta,run
2.4267452095384687,2.412922971285788,2.698748356711586,43.2787514481188,[0.0004774270757640364],-4.5100811475064056e-05,0.7083366733466934,0
