complexity,accuracy,distortion,mse,gNID,eps,beta,run
4.4897566,3.332591,0.14818096,11.944878,0.0012440085411071777,0.0020415070466697216,3.671781301498413,0
