complexity,accuracy,distortion,mse,gNID,eps,beta,run
2.6248598,2.4569979,1.0237751,40.72815,0.03086167573928833,-0.038034286350011826,0.939292848110199,0
