complexity,accuracy,distortion,mse,gNID,eps,beta,run
4.6309376,3.3567362,0.12403679,11.546181,0.0012427568435668945,0.000974501424934715,4.354903221130371,0
