complexity,accuracy,distortion,mse,run
6.1946927354152415,5.945386742397794,0.8792809869680855,,0
6.1946927354152415,5.945386742397794,0.8792809869680855,,1
6.1946927354152415,5.945386742397794,0.8792809869680855,,2
6.1946927354152415,5.945386742397794,0.8792809869680855,,3
6.1946927354152415,5.945386742397794,0.8792809869680855,,4
6.1946927354152415,5.945386742397794,0.8792809869680855,,5
6.1946927354152415,5.945386742397794,0.8792809869680855,,6
6.157614193080331,5.919034601295495,0.9056331280703844,,7
