complexity,accuracy,distortion,mse,gNID,eps,beta,run
3.219825839945072,3.1746677328713204,1.9370035951644449,14.747374171858665,[0.00014404131843448464],-0.00011725622853707653,0.7412424849699398,0
