complexity,accuracy,distortion,mse,sender_delta,receiver_delta,min_epsilon,min_beta,run
4.127766422318981,3.842967416808106,36.73776830451972,5.81033886056418,0.0465787029690464,0.0276487483153703,0.00032830586437466715,1.5080402010050251,0
