complexity,accuracy,distortion,mse,run
4.282551755733122,4.092219191389066,1.0194521366249116,,0
