complexity,accuracy,distortion,mse,run
4.390758484943637,4.17284787569489,0.9388234523191041,,0
