complexity,accuracy,distortion,mse,gNID,eps,beta,run
4.314525228087744,4.096971409943324,1.0146999179537044,3.8308534332959385,[0.015720026259521402],-0.0003769398960069238,0.9465465465465466,0
