complexity,mse
6.344586,15.342669
6.3841743,0.12410968
0.0,1666.5016
6.329343,0.14143547
6.3991933,4.5205708
6.307093,0.16944328
6.2082553,0.215419
6.280267,43.715893
