complexity,accuracy,distortion,mse,run
2.986947897909431e-07,9.108775600452645e-08,0.41582479904896275,,0
