complexity,accuracy,distortion,mse,round,run
2.27356,1.1305833,0.78144455,15.5941105,0.0,1.0
2.6190925,1.2821202,0.6299076,12.6620245,1.0,1.0
2.7554207,1.3657227,0.5463052,11.143296,2.0,1.0
2.883821,1.4903698,0.42165804,7.665001,3.0,1.0
2.9758801,1.5800352,0.33199263,3.4113276,4.0,1.0
3.0473382,1.6504717,0.26155615,2.1724136,5.0,1.0
3.1114855,1.7139425,0.19808531,1.8089613,6.0,1.0
3.1219063,1.7242074,0.18782043,1.7858018,7.0,1.0
3.1219292,1.7242284,0.18779945,1.785781,8.0,1.0
