complexity,accuracy,distortion,mse,run
4.395148873194689,4.176232188321148,0.9354391396928303,,0
