complexity,accuracy,distortion,mse,gNID,eps,beta,run
4.246691597895887,4.041585542553001,1.070085785374891,4.0817927741293705,[0.02100921558022928],0.0013653998495639296,0.927927927927928,0
