complexity,accuracy,distortion,mse,run
6.501792151756736,5.087712176417709,0.023958317661881168,,0
