complexity,accuracy,distortion,mse,gNID,eps,beta,run
6.396308,4.8643465,0.24732494,408.44373,0.022227466106414795,0.0340164452791214,3.465383529663086,0
