complexity,accuracy,distortion,mse,gNID,eps,beta,run
2.425963306023954,2.41215610755469,2.6995152202673616,43.306807535226866,[0.0003585906048833021],-6.633334647065611e-05,0.7083366733466934,0
