complexity,accuracy,distortion,mse,gNID,eps,beta,run
4.4896793,3.332573,0.14820004,11.945238,0.001234292984008789,0.002025923226028681,3.671781301498413,0
