complexity,accuracy,distortion,mse,run
2.4315242408587157,2.417612954848039,2.6940583731226067,,0
