complexity,accuracy,distortion,mse,gNID,eps,beta,run
2.9949026,2.9622803,2.1493912,20.04274,0.021943211555480957,-0.02983192354440689,0.7423549294471741,0
