complexity,accuracy,distortion,mse,gNID,eps,beta,run
6.4638567,3.312333,0.16843891,141.81439,0.016517996788024902,0.002392843598499894,38.42561721801758,0
