complexity,accuracy,distortion,mse,gNID,eps,beta,run
0.0,1.9073486e-06,0.41582298,1.452723,,-0.0002856451610568911,0.013328885659575462,0
