complexity,accuracy,distortion,mse,gNID,eps,beta,run
2.9205846786499023,1.6684837341308594,0.2435441017150879,2.5438320636749268,0.06134766385641832,0.013149737380445004,3.282294750213623,0
3.120686292648315,1.854358196258545,0.0576696395874023,0.989867627620697,0.034466942667838785,-0.011344500817358494,3.914783239364624,1
3.120539665222168,1.7120537757873535,0.1999740600585937,3.460740804672241,0.03696072047309196,0.024968581274151802,3.914783239364624,2
2.9206485748291016,1.6559319496154783,0.2560958862304687,2.593189001083374,0.07676699887049565,0.016992930322885513,3.282294750213623,3
2.3414692878723145,1.6460785865783691,0.2659492492675781,1.3110780715942385,0.0460813924928245,-0.030784612521529198,2.18709135055542,4
0.0,2.384185791015625e-07,1.912027597427368,16.39999771118164,-7.896912377689723,-2.456871879985556e-05,0.3362308144569397,5
0.0,0.0,1.9120278358459473,16.39999771118164,-7.8969120101156385,-2.456871879985556e-05,0.3362308144569397,6
0.279375429157886,0.1564432926188965,1.7555845432270507,14.595429474205316,0.7680449969874453,0.12660135328769684,0.7589993476867676,7
