complexity,accuracy,distortion,mse,run
3.2862096705458566,1.9075347396890727,0.004493096156874543,,0
