complexity,accuracy,distortion,mse,gNID,eps,beta,run
3.3219275,1.9120274,4.7683716e-07,0.8859585,0.01075202226638794,0.006245051976293325,5.0,0
