complexity,accuracy,distortion,mse,gNID,eps,beta,run
0.3435793,0.34337616,4.7682943,939.10767,0.582101047039032,-0.02549193613231182,0.6924216151237488,0
