complexity,accuracy,distortion,mse,round,run
0.39419174,0.1397152,1.7283201,6.036393,0.0,1.0
0.77145624,0.27194214,1.5960932,5.6937246,1.0,1.0
1.900506,0.7574043,1.110631,4.499394,2.0,1.0
2.5527692,1.1268883,0.74114704,3.4499893,3.0,1.0
2.909966,1.3676057,0.50042963,2.574761,4.0,1.0
3.105501,1.4973636,0.37067175,2.131136,5.0,1.0
3.2160165,1.5781016,0.28993368,1.829115,6.0,1.0
3.2505157,1.6100307,0.25800467,1.7350312,7.0,1.0
3.2516294,1.6110444,0.2569909,1.733492,8.0,1.0
