complexity,accuracy
0.00020360947,0.00019311905
0.0001296997,0.00012397766
0.0,0.0
9.346008e-05,8.869171e-05
0.00020265579,0.00019216537
0.0004377365,0.00041675568
0.00039100647,0.0003709793
0.00031614304,0.00030088425
