complexity,accuracy
0.00013303757,0.00012636185
0.0005402565,0.0005130768
0.00071907043,0.0006842613
0.00080776215,0.0007677078
0.000289917,0.00027656555
0.0007843971,0.0007457733
0.0005636215,0.00053596497
0.00040578842,0.00038671494
