complexity,mse
3.1217022,0.10001388
3.1216273,0.10001592
1.000001,4.0
3.0167704,0.1174435
2.9112904,0.20096885
2.846251,0.40000588
2.9131305,0.19810511
2.9075625,0.18357688
