complexity,accuracy,distortion,mse,gNID,eps,beta,run
4.6337576,4.341793,0.76987743,2.8929062,0.00038313865661621094,0.0012005900498479605,1.0086658000946045,0
