complexity,accuracy,distortion,mse,gNID,eps,beta,run
4.119855,4.119856,2.5240002,7.205184,0.30496859550476074,-1.3324613519216655e-06,0.7157238125801086,0
