complexity,accuracy,distortion,mse,gNID,eps,beta,run
0.3334093,0.18017673,0.38597775,1213.3461,0.008071362972259521,-0.0022965790703892708,1.4214476346969604,0
