complexity,accuracy,distortion,mse,run
5.912143130615277e-08,8.985994881527404e-08,3.480772882246985,,0
