complexity,accuracy,distortion,mse,gNID,eps,beta,run
1.4723277,1.4170809,2.063692,180.83469,0.19113564491271973,-0.006235188338905573,0.7685123682022095,0
