complexity,accuracy,distortion,mse,gNID,eps,beta,run
0.34699273,0.3272879,1.5847399,9.595055,0.06140106916427612,-0.0115968631580472,0.7589993476867676,0
