complexity,accuracy,distortion,mse,gNID,eps,beta,run
2.4258730236668473,2.4120693044051933,2.6996020238169383,43.30852488848844,[0.0003460838243728448],-7.124518227392486e-05,0.7083366733466934,0
