complexity,accuracy,distortion,mse,gNID,eps,beta,run
4.624441045539088,4.335628661433329,0.7760426666616862,2.9142829928816223,[0.00116981205869493],-0.001662711067982041,1.048948948948949,0
