complexity,accuracy
4.6394424,4.345315
4.6420183,4.347
4.6400003,4.3456917
4.639944,4.3456383
4.6414623,4.3466387
4.6400805,4.3457327
4.6388226,4.344923
4.6375704,4.3440914
