complexity,accuracy,distortion,mse,gNID,eps,beta,run
2.4555454,2.4411077,2.6705637,41.458767,0.06324082612991333,-0.04110719636082649,0.7323682308197021,0
