complexity,accuracy,distortion,mse,gNID,eps,beta,run
1.3591304,1.1670122,0.7450156,2.6382031,0.001394510269165039,-0.0074417442083358765,1.038625717163086,0
