complexity,accuracy,distortion,mse,run
1.3731626966598744,1.1709287587195858,0.7410990771263615,,0
1.3642909822513918,1.1662418810980997,0.7457859547478476,,1
1.3731626966598744,1.1709287587195858,0.7410990771263615,,2
1.3642909822513918,1.1662418810980997,0.7457859547478476,,3
1.3642909822513918,1.1662418810980997,0.7457859547478476,,4
1.3564161805021966,1.1614025640255932,0.7506252718203541,,5
1.3642909822513918,1.1662418810980997,0.7457859547478476,,6
1.3642909822513918,1.1662418810980997,0.7457859547478476,,7
