complexity,accuracy,distortion,mse,run
5.314556516269944,3.4306617415446556,0.05011123056227795,,0
