complexity,accuracy,distortion,mse,run
0.008130282914862619,0.006775019281236361,1.8612602971860488,,0
