complexity,accuracy,distortion,mse,gNID,eps,beta,run
0.0068969727,0.005735874,1.8622994,6.2885456,0.15885705694387897,-0.0003029502695426345,0.6424883008003235,0
