complexity,accuracy,distortion,mse,round,run
7.009506e-05,2.7656555e-05,1.9120002,16.410488,0.0,1.0
9.536743e-07,0.0,1.9120283,16.354921,1.0,1.0
4.7683716e-07,0.0,1.9120283,16.35492,2.0,1.0
