complexity,accuracy,distortion,mse,round,run
5.295249,2.2809963,1.1997766,1470.4321,0.0,1.0
5.485537,2.4603968,1.0203762,833.90955,1.0,1.0
5.830352,2.7507467,0.73002625,614.277,2.0,1.0
6.0566654,2.9587755,0.52199745,436.4613,3.0,1.0
6.131276,3.028675,0.4520979,388.65338,4.0,1.0
6.1683593,3.0562515,0.42452145,372.5225,5.0,1.0
6.186376,3.0729008,0.4078722,338.3852,6.0,1.0
6.217968,3.1047068,0.3760662,321.8699,7.0,1.0
6.2374525,3.1237078,0.3570652,316.9867,8.0,1.0
6.2482915,3.1326952,0.34807777,310.30786,9.0,1.0
6.260339,3.1444302,0.3363428,299.79657,10.0,1.0
6.2680516,3.1521425,0.32863045,293.3236,11.0,1.0
6.2699175,3.154008,0.32676506,291.93994,12.0,1.0
6.2711678,3.1552591,0.32551384,290.11313,13.0,1.0
6.273393,3.157485,0.32328796,286.409,14.0,1.0
6.2777057,3.1617966,0.3189764,278.40338,15.0,1.0
6.2864504,3.1705408,0.31023216,262.70108,16.0,1.0
6.299954,3.1840448,0.29672813,245.84634,17.0,1.0
6.3080816,3.192173,0.28859997,236.29497,18.0,1.0
6.314253,3.1983433,0.2824297,221.99887,19.0,1.0
6.3242507,3.2083406,0.27243233,203.69208,20.0,1.0
6.3302274,3.2143183,0.2664547,198.48242,21.0,1.0
6.330549,3.2146387,0.26613426,198.36948,22.0,1.0
6.3305764,3.2146664,0.2661066,198.35498,23.0,1.0
6.330612,3.2147017,0.26607132,198.33691,24.0,1.0
6.330654,3.2147455,0.26602745,198.31421,25.0,1.0
6.330707,3.214799,0.26597404,198.2852,26.0,1.0
6.330774,3.2148657,0.2659073,198.24768,27.0,1.0
6.3308587,3.2149496,0.26582336,198.1982,28.0,1.0
6.3309674,3.2150574,0.2657156,198.13144,29.0,1.0
6.3311076,3.2151995,0.2655735,198.03871,30.0,1.0
6.331298,3.2153893,0.26538372,197.90521,31.0,1.0
6.331559,3.2156515,0.26512146,197.70395,32.0,1.0
6.331934,3.2160282,0.26474476,197.3821,33.0,1.0
6.3325043,3.2165995,0.2641735,196.82706,34.0,1.0
6.3334317,3.217537,0.26323605,195.77681,35.0,1.0
6.335099,3.219222,0.2615509,193.59644,36.0,1.0
6.3384047,3.2225637,0.25820923,189.14323,37.0,1.0
6.3443303,3.2285795,0.25219345,183.65823,38.0,1.0
6.3482304,3.2326736,0.24809933,182.00363,39.0,1.0
6.348067,3.232934,0.24783897,181.73817,40.0,1.0
6.347321,3.2330656,0.24770737,181.1359,41.0,1.0
6.3459306,3.2334175,0.24735546,179.59114,42.0,1.0
6.343697,3.2343826,0.24639034,175.66219,43.0,1.0
6.341409,3.2371578,0.24361515,166.3046,44.0,1.0
6.342979,3.2441673,0.23660564,150.78369,45.0,1.0
6.348062,3.2513552,0.2294178,142.83076,46.0,1.0
6.348758,3.2521448,0.22862816,142.44307,47.0,1.0
