complexity,accuracy,distortion,mse,run
4.510169960871606,4.258231557845365,0.853439770264993,,0
