complexity,accuracy,distortion,mse,run
3.339639747235168e-05,2.7668507263101105e-05,1.868007647960022,,0
