complexity,accuracy,distortion,mse,run
6.504275075250469,5.088207998817813,0.023462495261776795,,0
