complexity,accuracy,distortion,mse,gNID,eps,beta,run
6.402049,4.87276,0.23891068,315.98468,0.021420776844024658,0.032547272741794586,3.478699207305908,0
