complexity,accuracy,distortion,mse,run
2.70894186801485,1.7788482834687267,0.13317955237722057,,0
