complexity,accuracy,distortion,mse,gNID,eps,beta,run
2.6015353,1.454113,0.45791483,5.263912,0.13249635696411133,0.08670036494731903,2.506664514541626,0
