complexity,accuracy,distortion,mse,run
2.43152424105606,2.4176129550446817,2.6940583729693124,,0
