complexity,accuracy,distortion,mse,gNID,eps,beta,run
2.4276267541886707,2.413785349003369,2.697885978881253,43.2504143901305,[0.00031192965066151324],-9.864646049334339e-05,0.7083967935871743,0
