complexity,accuracy,distortion,mse,gNID,eps,beta,run
4.4774847859318765,4.235147344349201,0.8765239835601815,3.350991920169051,[0.0014313356523908416],-0.0029693842097848824,0.9837837837837838,0
