complexity,accuracy,distortion,mse,gNID,eps,beta,run
0.9713001,0.9702549,4.1414156,345.96716,0.4613874554634094,-0.05105620622634888,0.7190526723861694,0
