complexity,accuracy,distortion,mse,run
3.2049661736836472,1.8942719101501337,0.017755925695813524,,0
