complexity,accuracy,distortion,mse,gNID,eps,beta,run
3.9788574600973696,3.85004637797379,1.2616249499723722,5.731540146605263,[0.00011043570938173985],-0.00025194961058651994,0.8349397590361447,0
