complexity,accuracy,distortion,mse,round,run
2.6258142,1.0527129,0.8153224,4.1678996,0.0,1.0
0.0007033348,0.00058555603,1.8674498,6.310845,1.0,1.0
9.536743e-07,9.536743e-07,1.8680344,6.313381,2.0,1.0
0.0,0.0,1.8680353,6.313385,3.0,1.0
0.0,0.0,1.8680353,6.313385,4.0,1.0
0.0,0.0,1.8680353,6.313385,5.0,1.0
