complexity,accuracy,distortion,mse,round,run
6.723404e-05,2.4318695e-05,1.9120035,16.39713,0.0,1.0
4.7683716e-07,0.0,1.9120283,16.017494,1.0,1.0
0.0,0.0,1.9120278,16.013857,2.0,1.0
4.7683716e-07,0.0,1.9120283,16.01382,3.0,1.0
4.7683716e-07,9.536743e-07,1.9120269,16.013823,4.0,1.0
