complexity,accuracy,distortion,mse,gNID,eps,beta,run
3.9748635049403616,3.84667942807142,1.2649919000647056,5.7485031413032575,[0.0006540615241247272],-0.0010029082502356396,0.8349397590361447,0
