complexity,accuracy,distortion,mse,gNID,eps,beta,run
2.8659353,2.8390388,2.2726316,23.74078,0.02825528383255005,-0.031506553292274475,0.7390260100364685,0
