complexity,accuracy,distortion,mse,gNID,eps,beta,run
1.096973,0.74779606,1.1642318,6.090416,0.15819305181503296,0.3121996521949768,0.852208137512207,0
