complexity,accuracy,distortion,mse,gNID,eps,beta,run
2.2888184e-05,5.722046e-06,0.41581917,1.3911914,,0.0005156866391189396,0.03330220282077789,0
