complexity,accuracy,distortion,mse,run
1.4206851645421175,1.107745291457511,0.6645215733191003,,0
