complexity,accuracy,distortion,mse,gNID,eps,beta,run
1.4569273,1.1283474,0.64391947,2.0624065,0.012456075783810583,0.013737492263317108,1.1384923458099365,0
