complexity,accuracy,distortion,mse,run
4.11798257127789,3.8367927524211876,1.1026992600400713,,0
