complexity,accuracy,distortion,mse,run
4.0450557804337866,3.787379263461199,1.1749804388790865,,0
