complexity,accuracy,distortion,mse,sender_delta,receiver_delta,min_epsilon,min_beta,run
3.9941643296785054,3.749224253887567,15.746675481697237,6.536107522004443,0.3644685397113046,0.2552613957838934,0.002714870388187175,1.4236180904522613,0
