complexity,accuracy,distortion,mse,gNID,eps,beta,run
6.328815,3.2107544,0.27001762,286.6942,0.029416203498840332,0.004332308191806078,32.533687591552734,0
