complexity,accuracy,distortion,mse,gNID,eps,beta,run
2.3841858e-07,2.3841858e-07,1.9120271,16.35492,,-9.059259014065901e-07,0.026644429191946983,0
