complexity,accuracy,distortion,mse,run
6.336034171626837,3.4746932345676402,0.006079737539293362,,0
