complexity,accuracy,distortion,mse,gNID,eps,beta,run
6.1412296,3.016635,0.46413803,631.181,0.04999971389770508,0.009486028924584389,27.751834869384766,0
