complexity,accuracy,distortion,mse,gNID,eps,beta,run
4.7683716e-07,0.0,1.9120278,16.354866,-1.0,3.4886706998804584e-05,0.026644429191946983,0
