complexity,accuracy,distortion,mse,round,run
0.61858416,0.26629257,1.6457353,15.192113,0.0,1.0
5.38826e-05,5.1498413e-05,1.9119763,16.354206,1.0,1.0
4.7683716e-07,0.0,1.9120283,16.354868,2.0,1.0
9.536743e-07,0.0,1.9120283,16.354868,3.0,1.0
4.7683716e-07,0.0,1.9120278,16.354866,4.0,1.0
