complexity,accuracy,distortion,mse,gNID,eps,beta,run
5.8061237,2.7022438,0.77852917,1746.6064,0.09105366468429565,0.020801523700356483,22.116077423095703,0
