complexity,accuracy,distortion,mse,gNID,eps,beta,run
6.394368,3.2680244,0.21274853,258.89368,0.023028790950775146,0.0030928142368793488,35.010005950927734,0
