complexity,accuracy,distortion,mse,run
3.2193361245496526,3.1742229804242292,1.9374483476183126,,0
