complexity,accuracy,distortion,mse,run
3.2055989453155433,3.1614103674658427,1.9502609605766867,,0
