complexity,accuracy,distortion,mse,gNID,eps,beta,run
3.2174646410970738,3.172446755911478,1.939224572129076,14.773202467628106,[0.0001372521681666239],-0.00012853681623753658,0.7411022044088176,0
