complexity,accuracy,distortion,mse,run
1.4889318476284288,1.2523962399726898,0.6596313827258156,,0
