complexity,accuracy,distortion,mse,gNID,eps,beta,run
1.5177513741764326,1.2647768914104436,0.64725073271378,2.2991655428186477,[0.007243588658621958],0.015134491234019568,1.0861861861861861,0
