complexity,accuracy,distortion,mse,gNID,eps,beta,run
1.4284868,1.1976457,0.7143822,2.5295997,0.04277535840893587,-0.013646136038005352,1.1185190677642822,0
1.6951947,1.353992,0.55803585,1.986468,0.05973594333046939,-0.01978057622909546,1.3482121229171753,1
2.160821,1.5793128,0.33271456,1.4358454,0.02768322881876606,-2.3821366994525306e-05,1.814256191253662,2
2.5281084,1.7140546,0.19797325,1.1668816,0.04533404177092204,-0.04668888822197914,2.519979953765869,3
2.3307822,1.6027813,0.30924606,1.4814917,0.10193084085175685,-0.03853503242135048,2.2736425399780273,4
1.963201,1.3727808,0.53924704,2.2773297,0.11675017301675039,0.06735453009605408,1.5845630168914795,5
1.914757,1.3738236,0.5382042,2.3386998,0.12381209310783103,-0.0027169459499418736,1.7310340404510498,6
1.8236401,1.2947049,0.6173229,2.496399,0.16151026777850397,0.05159824714064598,1.5179853439331055,7
