complexity,accuracy,distortion,mse,gNID,eps,beta,run
2.4271365405919116,2.4133042479963436,2.698367080109401,43.26735122605051,[0.00041918259700712834],-0.00011151013342481777,0.7083967935871743,0
