complexity,accuracy,distortion,mse,gNID,eps,beta,run
6.159176,3.4592876,0.021485329,10.057047,0.03670990467071533,-0.005817730911076069,27.751834869384766,0
