complexity,accuracy,distortion,mse,run
4.487830573034508,4.242571899374376,0.8690994286681661,,0
