complexity,accuracy,distortion,mse,gNID,eps,beta,run
4.47772580293949,4.235327220672245,0.8763441074468119,3.3502683477597004,[0.0013980476401465047],-0.0029072357601002603,0.9837837837837838,0
