complexity,accuracy,distortion,mse,gNID,eps,beta,run
0.34358025,0.32400703,1.5938587,970.9556,0.01899653673171997,-0.008817190304398537,0.755670428276062,0
