complexity,accuracy,distortion,mse,gNID,eps,beta,run
1.256404234715622,1.0883541803278725,0.8236734422443348,2.8710049106245736,[0.020512412905516197],-0.005975849464017725,0.9744744744744744,0
