complexity,accuracy,distortion,mse,gNID,eps,beta,run
4.424336346667943,4.194825034672061,0.916846293328108,3.4959487707556507,[0.002562560725838048],-0.002276569486757459,0.9651651651651652,0
