complexity,accuracy,distortion,mse,gNID,eps,beta,run
2.1323338,1.5619378,0.35008955,1.4240551,0.0424613356590271,-0.003162973327562213,1.8009406328201294,0
