complexity,accuracy,distortion,mse,gNID,eps,beta,run
0.3468399,0.34663486,4.7650356,934.7008,0.5857146680355072,-0.025488492101430893,0.6924216151237488,0
