complexity,accuracy,distortion,mse,run
-3.5901406292282445e-09,-2.846822866331422e-08,1.912027864314176,,0
