complexity,accuracy,distortion,mse,gNID,eps,beta,run
9.536743e-07,0.0,1.9120274,16.35492,,3.517603545333259e-05,0.039959974586963654,0
