complexity,accuracy,distortion,mse,round,run
0.004477501,0.0020122528,1.9100151,16.422274,0.0,1.0
9.536743e-07,4.7683716e-07,1.9120269,16.354914,1.0,1.0
9.536743e-07,0.0,1.9120278,16.354918,2.0,1.0
9.536743e-07,0.0,1.9120274,16.35492,3.0,1.0
