complexity,accuracy,distortion,mse,round,run
0.006025791,0.0020594597,1.9099684,16.35277,0.0,1.0
1.4305115e-05,1.3828278e-05,1.912014,16.020758,1.0,1.0
9.536743e-07,1.9073486e-06,1.9120259,16.017542,2.0,1.0
4.7683716e-07,0.0,1.9120288,16.017519,3.0,1.0
0.0,9.536743e-07,1.9120269,16.01752,4.0,1.0
0.0,0.0,1.9120278,16.017519,5.0,1.0
9.536743e-07,0.0,1.9120283,16.017519,6.0,1.0
4.7683716e-07,0.0,1.9120283,16.017519,7.0,1.0
