complexity,accuracy,distortion,mse,run
5.9068907135311886,4.9320175023265005,0.17965299175308935,,0
