complexity,accuracy,distortion,mse,gNID,eps,beta,run
3.218047504005252,3.172997037835584,1.9386742902736955,14.76668249269819,[0.0002514264419212209],-8.457401210888064e-05,0.7411022044088176,0
