complexity,accuracy,distortion,mse,gNID,eps,beta,run
1.360037781013251,1.1646151449208562,0.7474124784330085,2.636475823207664,[0.005903479401069833],0.010111514859005336,0.9930930930930931,0
