complexity,accuracy,distortion,mse,gNID,eps,beta,run
0.34684086,0.3448019,3.13597,937.71326,0.6148542165756226,-0.011926274746656418,0.6831220984458923,0
