complexity,accuracy,distortion,mse,gNID,eps,beta,run
2.60169956158248,2.583350660257139,2.5283206678396706,33.55983677231943,[0.0023478986982220507],-9.123666266441556e-05,0.7130861723446893,0
