complexity,accuracy,distortion,mse,run
2.074269912174464,1.4701437540565987,0.39789156241068646,,0
