complexity,accuracy,distortion,mse,gNID,eps,beta,run
2.9263115,0.33830833,0.077516556,1.195129,0.7149994075298309,0.4068617522716522,5.0,0
