complexity,accuracy,distortion,mse,gNID,eps,beta,run
5.718803647416669,2.868907633478436,0.6118653386284976,182.83256483281303,,,,0
