complexity,accuracy,distortion,mse,gNID,eps,beta,run
5.673520788606547,2.8515995772168807,0.6291733948900529,168.26900888600215,0.09617018699645996,0.02230622060596943,18.10273551940918,0
