complexity,accuracy,distortion,mse,gNID,eps,beta,run
4.6249529007459085,4.336008459463196,0.7756628685146669,2.9127464331896977,[0.0010985511946527415],-0.0017651912054678193,1.048948948948949,0
