complexity,accuracy,distortion,mse,trial
0.7149472,0.064107895,0.031716347,133.9259,0
0.71494865,0.064109325,0.031714916,133.92581,1
0.7149482,0.06410885,0.031715393,133.9258,2
0.71494675,0.06410885,0.031715393,133.92596,3
0.6851287,0.062755585,0.033068657,139.7857,4
0.6644974,0.061811924,0.034012318,143.86797,5
0.6644974,0.061811924,0.034012318,143.86797,6
0.6644974,0.061811924,0.034012318,143.86797,7
