complexity,accuracy,distortion,mse,run
-1.0739103828427687e-08,-3.4816104665935654e-08,1.912027870662052,,0
