complexity,accuracy,distortion,mse,gNID,eps,beta,run
4.7683716e-07,0.0,1.9120278,16.013823,,3.3968342904699966e-05,0.013328885659575462,0
