complexity,accuracy,distortion,mse,run
4.542514673690235,4.2803237190880825,0.8313467749915073,,0
