complexity,accuracy,distortion,mse,gNID,eps,beta,run
4.2517757,3.9541092,1.1575613,4.5240426,0.07119947671890259,0.036247458308935165,0.9787058234214783,0
