complexity,accuracy,distortion,mse,run
0.8362441860251124,0.7599498917135055,1.1520779441324418,,0
