complexity,accuracy,distortion,mse,gNID,eps,beta,run
0.8172102,0.74458694,1.1674409,5.528546,0.022510886192321777,-0.00435932632535696,0.8422214984893799,0
