complexity,accuracy,distortion,mse,gNID,eps,beta,run
3.1219244,1.7242241,0.18780375,1.7933993,0.03704071044921875,0.02183680422604084,3.924769878387451,0
