complexity,accuracy,distortion,mse,gNID,eps,beta,run
0.3334093,0.3332119,4.7784595,952.9426,0.571313738822937,-0.02550157718360424,0.6924216151237488,0
