complexity,accuracy,distortion,mse,run
2.2753308162832617,1.641183477887,0.27084435795894723,,0
