complexity,accuracy,distortion,mse,gNID,eps,beta,run
2.1592805,1.1823726,0.7296548,10.255967,0.24909871816635132,0.1787581741809845,1.9174516201019287,0
