complexity,accuracy,distortion,mse,run
3.204585628650979,1.8941875997176956,0.017840236128251696,,0
3.0784415312242057,1.8695015234108396,0.04252631243510763,,1
3.204585628650979,1.8941875997176956,0.017840236128251696,,2
2.9670299930554247,1.8448629760016253,0.06716485984432197,,3
2.703376449282359,1.7772766686216581,0.13475116722428915,,4
1.9216614800899343,1.492084170243686,0.41994366560226126,,5
0.7234197718459363,0.6633550813520426,1.2486727544939047,,6
1.3390557351652843,1.1487952770963226,0.7632325587496247,,7
