complexity,accuracy,distortion,mse,gNID,eps,beta,run
0.089977264,0.08992767,5.021743,1328.8124,0.6023969054222107,-0.008237719535827637,0.6624616384506226,0
