complexity,accuracy,distortion,mse,gNID,eps,beta,run
3.978487338432293,3.849737273195247,1.261934054843124,5.733096758515245,[0.00016045315175616803],-0.00032502895044813143,0.8349397590361447,0
