complexity,accuracy,distortion,mse,gNID,eps,beta,run
1.9073486e-06,0.0,0.4158249,1.452723,0.0,-8.148998313117772e-05,0.023315543308854103,0
