complexity,accuracy,distortion,mse,gNID,eps,beta,run
1.3446236,1.1570787,0.760787,270.5695,-0.00036156177520751953,-0.007270353846251965,1.0219813585281372,0
