complexity,accuracy,distortion,mse,gNID,eps,beta,run
2.9623294,2.9309802,2.1806912,20.853222,0.02655506134033203,-0.02548145316541195,0.7390260100364685,0
