complexity,accuracy,distortion,mse,run
4.379851595345066,4.165019058191149,0.9466522699070037,,0
