complexity,accuracy,distortion,mse,gNID,eps,beta,run
6.240884,3.1722393,0.30853367,287.236,0.03847593069076538,0.0047544678673148155,30.228151321411133,0
