complexity,accuracy,distortion,mse,gNID,eps,beta,run
0.0,0.0,1.8680348,6.313385,1.0000000146290047,-0.3278615176677704,5.0,0
