complexity,accuracy,distortion,mse,gNID,eps,beta,run
3.978848545607404,3.850036998836913,1.2616343293936794,5.731642149631348,[0.00011451413240570751],-0.0002513929746515734,0.8349397590361447,0
