complexity,accuracy,distortion,mse,run
2.359635562908231,2.3472100659867277,2.7644612620272504,,0
