complexity,accuracy,distortion,mse,gNID,eps,beta,run
3.321845,1.9120226,5.2452087e-06,0.8859633,0.010713577270507812,0.006229506805539131,5.0,0
