complexity,accuracy,distortion,mse,gNID,eps,beta,run
1.4988642,1.4959078,3.6157637,164.07187,0.3026501536369324,-0.05265612155199051,0.7257104516029358,0
