complexity,accuracy,distortion,mse,gNID,eps,beta,run
7.8349447,0.3957224,0.0201025,1.1675813,0.9134186282753944,1.377105712890625,5.0,0
