complexity,accuracy,distortion,mse,round,run
0.006006241,0.0023522377,1.9096756,16.25699,0.0,1.0
9.536743e-07,9.536743e-07,1.9120269,16.354853,1.0,1.0
0.0,0.0,1.9120278,16.354866,2.0,1.0
0.0,0.0,1.9120288,16.354866,3.0,1.0
