complexity,accuracy,distortion,mse,run
3.980035182812415,3.851013738012014,1.2606575899586314,,0
