complexity,accuracy,distortion,mse,gNID,eps,beta,run
7.247925e-05,2.0980835e-05,0.4158039,1.4415385,,0.005150577984750271,0.009999999776482582,0
