complexity,accuracy,distortion,mse,run
4.454087334835007,4.218822445920546,0.8928488822358034,,0
