complexity,accuracy,distortion,mse,gNID,eps,beta,run
4.448947611693354,4.213627971513145,0.8980433565239414,3.428544772199956,[0.0023431733056761272],-0.0036096465725631564,0.9744744744744744,0
