complexity,accuracy,distortion,mse
2.138375,1.5047541,0.40727377,0.9409017
1.9129691,1.4050508,0.5069766,1.2190208
4.7683716e-07,-4.7683716e-07,1.9120283,16.5
2.1894426,1.5671582,0.3448696,0.77323174
2.2642565,1.6036,0.30842733,0.6243219
2.686318,1.7323828,0.17964506,0.32630625
2.482803,1.5769625,0.33506536,0.85035664
2.8181195,1.7740555,0.13797235,0.23489252
