complexity,accuracy,distortion,mse,gNID,eps,beta,run
0.97130203,0.8763418,1.0415239,405.15045,0.0043013691902160645,-0.010865806601941586,0.8821681141853333,0
