complexity,accuracy,distortion,mse,gNID,eps,beta,run
0.32189178,0.09043217,0.32539272,1.3666916,0.01967865228652954,-0.0011958898976445198,2.8462107181549072,0
