complexity,accuracy,distortion,mse,run
2.9474655453970406,2.900661724927607,2.2110087691519826,,0
