complexity,accuracy,distortion,mse,gNID,eps,beta,run
2.424856276696943,2.4110757011064337,2.70059562694685,43.336526657641,[0.00028084947917361713],-0.00010391844353254716,0.7083366733466934,0
