complexity,accuracy,distortion,mse,gNID,eps,beta,run
0.0,0.0,0.4158249,1.452723,,-0.00014277812442742288,0.019986657425761223,0
