complexity,accuracy,distortion,mse,gNID,eps,beta,run
0.30281734,0.2859316,1.6260962,10.196382,0.02648550271987915,-0.009173906408250332,0.7490126490592957,0
