complexity,accuracy,distortion,mse,gNID,eps,beta,run
4.638568,4.638569,2.0052872,1.9089108,0.21225935220718384,-1.3324613519216655e-06,0.7157238125801086,0
