complexity,accuracy,distortion,mse,run
5.488104570345447,4.786028595129036,0.32564189895055407,,0
