complexity,accuracy,distortion,mse,gNID,eps,beta,run
6.4183545,5.044327,0.06734371,1.0861542,0.015413522720336914,-0.010859285481274128,3.4487390518188477,0
