complexity,accuracy,distortion,mse,gNID,eps,beta,run
1.4943628,1.4914322,3.6202383,164.9158,0.30266791582107544,-0.052688974887132645,0.7257104516029358,0
