complexity,accuracy,distortion,mse,gNID,eps,beta,run
6.335287,5.0151625,0.096508026,1.1233863,0.02231079339981079,-0.01743171364068985,3.2523348331451416,0
