complexity,accuracy,distortion,mse,gNID,eps,beta,run
0.0,0.0,1.9120274,15.307894,,2.717992538237013e-05,0.016657771542668343,0
