complexity,accuracy,distortion,mse,gNID,eps,beta,run
0.3468399,0.34684086,6.297015,934.3342,0.8640743494033813,-1.4323940149552072e-06,0.6657904982566833,0
