complexity,accuracy,distortion,mse,gNID,eps,beta,run
0.0,4.7683716e-07,1.9120274,15.596618,,-2.50629545917036e-05,0.019986657425761223,0
