complexity,accuracy,distortion,mse,gNID,eps,beta,run
5.0461817,5.0461817,1.5976744,231.74086,0.16363036632537842,0.0,0.7157238125801086,0
