complexity,accuracy,distortion,mse,gNID,eps,beta,run
3.3219283,1.9120278,0.0,0.88595784,0.010752201080322266,0.006245099473744631,5.0,0
