complexity,accuracy,distortion,mse,run
0.9766625295374354,0.8797581003940387,1.0322695223252838,,0
