complexity,accuracy,distortion,mse,gNID,eps,beta,run
0.9766674,0.88089895,1.0311289,3.9948204,0.012520968914031982,-0.007595572154968977,0.8821681141853333,0
