complexity,accuracy,distortion,mse,run
0.3934420227826134,0.3649349540536795,1.5470928817922678,,0
