complexity,accuracy,distortion,mse,gNID,eps,beta,run
0.34699297,0.32728767,1.5847402,9.595055,0.06139785051345825,-0.01159780565649271,0.7589993476867676,0
