complexity,accuracy,distortion,mse,gNID,eps,beta,run
6.4163074,3.2708893,0.20988369,313.4887,0.02118861675262451,0.003233748022466898,35.94929885864258,0
