complexity,accuracy,distortion,mse,round,run
1.9073486e-06,0.0,3.480774,1664.7234,0.0,1.0
1.9073486e-06,0.0,3.480774,1664.7219,1.0,1.0
9.536743e-06,1.9073486e-06,3.480771,1664.7205,2.0,1.0
6.2942505e-05,5.722046e-06,3.4807673,1664.7163,3.0,1.0
0.0004272461,5.2452087e-05,3.4807205,1664.6973,4.0,1.0
0.0029268265,0.0003566742,3.4804163,1664.5735,5.0,1.0
0.020025253,0.0024642944,3.4783087,1663.7091,6.0,1.0
0.13642311,0.01795578,3.4628172,1656.6825,7.0,1.0
0.893775,0.16674042,3.3140326,1579.034,8.0,1.0
3.5746956,1.2139606,2.2668123,1138.4794,9.0,1.0
5.4936423,2.466339,1.0144339,677.0356,10.0,1.0
6.027998,2.9106846,0.5700884,492.77795,11.0,1.0
6.210265,3.0732718,0.40750122,429.83057,12.0,1.0
6.2918777,3.147995,0.33277798,371.7096,13.0,1.0
6.3292294,3.183858,0.29691505,331.37762,14.0,1.0
6.342657,3.1977081,0.28306484,304.91962,15.0,1.0
6.3534813,3.2088966,0.27187634,292.46655,16.0,1.0
6.3562818,3.2117376,0.26903534,291.60455,17.0,1.0
6.3563066,3.2117634,0.2690096,291.6034,18.0,1.0
