complexity,accuracy,distortion,mse,run
0.007333248880526,0.006107440858709623,1.8619278756085755,,0
