complexity,accuracy,distortion,mse,gNID,eps,beta,run
3.3219285,1.9120283,0.0,0.8859578,0.010752320289611816,0.006245051976293325,5.0,0
