complexity,accuracy,distortion,mse,run
4.562808666098361,4.294189255518022,0.8174812385615677,,0
