complexity,accuracy,distortion,mse,gNID,eps,beta,run
7.735304,0.35942554,0.056399345,1.2009711,0.9220936745405197,1.3655028343200684,4.996671199798584,0
