complexity,accuracy,distortion,mse,gNID,eps,beta,run
4.625404513655996,4.336299156106207,0.7753721719506608,2.9119404167905185,[0.0010478986790410927],-0.0016117840403192067,1.048948948948949,0
