complexity,accuracy,distortion,mse,run
7.317864779186181,6.538693039511697,0.2859746898541822,,0
7.643790804197435,6.648706156082337,0.17596157328354245,,1
7.37917716163288,6.56084588178069,0.2638218475851897,,2
7.2743649400323225,6.5225017143062285,0.302166015059651,,3
7.345758591031316,6.548872363559582,0.2757953658062977,,4
7.339357477437304,6.546540555953191,0.2781271734126882,,5
7.475536569611542,6.594212740556475,0.23045498880940407,,6
7.37917716163288,6.56084588178069,0.2638218475851897,,7
