complexity,accuracy,distortion,mse,gNID,eps,beta,run
7.018815433439233,5.560508013435884,1.2641597159299955,7522.368986329546,,,,0
8.180389108697781,6.642138043155208,0.18252968621067112,1268.192134402057,,,,1
8.11293354755758,6.5789255369989394,0.24574219236694006,2192.662515516282,,,,2
8.114904338732627,6.583384072788398,0.2412836565774814,1855.4503372456184,,,,3
8.123536138099471,6.591393471929798,0.2332742574360811,2774.453155714612,,,,4
8.12193749128984,6.58246735850385,0.2422003708620295,1613.4268401980726,,,,5
8.053936851845474,6.540785080784429,0.28388264858145007,2435.476537954015,,,,6
5.132970217069392,4.927234929366865,1.8974327999990148,752.8324816304635,,,,7
