complexity,accuracy,distortion,mse,run
6.354348115853007,3.4752169232754593,0.005556048831474314,,0
