complexity,accuracy,distortion,mse,gNID,eps,beta,run
2.9376949666969807,1.1061188094865546,2.374654162620379,614.1814092737802,0.553991973400116,-0.037343550473451614,26.129419326782227,0
