complexity,accuracy,distortion,mse,round,run
5.774948,2.7156868,0.7650862,1638.0212,0.0,1.0
2.9684575,1.1231747,2.3575983,636.9305,1.0,1.0
2.9376497,1.1061121,2.374661,642.18134,2.0,1.0
2.937695,1.1061188,2.374654,614.1814,3.0,1.0
