complexity,accuracy,distortion,mse,gNID,eps,beta,run
3.1205397,1.7241335,0.18789434,1.7904848,0.036911845207214355,0.021899916231632233,3.911454200744629,0
