complexity,accuracy,distortion,mse,gNID,eps,beta,run
2.4247266767553075,2.4109445790162845,2.7007267490708635,43.34628976758041,[0.0002489175438852298],-0.00010176951541579481,0.7083366733466934,0
