complexity,accuracy,distortion,mse,gNID,eps,beta,run
0.3435793,0.34156227,3.1392107,942.1229,0.6115303039550781,-0.011959780007600784,0.6831220984458923,0
