complexity,accuracy,distortion,mse,gNID,eps,beta,run
5.4391174,5.439117,1.2047391,2.241239,0.11331963539123535,6.631463520534453e-07,0.7190526723861694,0
