complexity,accuracy,distortion,mse,run
6.952584208895264,6.388677057465699,0.43599067190018026,,0
7.009260434072274,6.4142993119150535,0.410368417450826,,1
7.031411148273104,6.424055675553626,0.40061205381225307,,2
7.056027454273387,6.434717710232238,0.38995001913364113,,3
7.105284149550217,6.455565307689321,0.3691024216765584,,4
7.10232654144199,6.45434948994132,0.37031823942455944,,5
7.59469106507251,6.633277025593767,0.19139070377211276,,6
7.524178932452871,6.610450752524958,0.21421697684092145,,7
