complexity,accuracy,distortion,mse,gNID,eps,beta,run
6.839825285126345,6.268843777760257,0.5558239516056229,2.8516099059648914,0.019260581304506807,0.004840826150029898,1.4613943099975586,0
6.888704947577827,6.303739062709564,0.5209286666563155,2.4638896532460413,0.01831881385749623,-0.006570133380591869,1.521314263343811,1
6.900936741865106,6.303533207872217,0.5211345214936625,2.6984680023014143,0.019649281771304095,-0.006442984100431204,1.544616460800171,2
6.949225128363329,6.341976449826928,0.4826912795389511,2.1453383869162854,0.015535877864859993,-0.008948982693254948,1.5712474584579468,3
6.961257129160966,6.3441825609787,0.4804851683871796,2.171005657467624,0.01949056771108526,-0.020094847306609154,1.6245096921920776,4
7.000076618375905,6.373376639660334,0.4512910897055455,1.9306433107259664,0.014179859545820128,-0.013124428689479828,1.621180772781372,5
7.435482212102341,6.444968999855405,0.3796987295104745,1.949064814261658,0.03184298062688928,0.013658374547958374,2.130500316619873,6
7.111430534225178,6.2108410815882245,0.613826647777655,8.295871319032383,0.06513443444230516,-0.006417656317353249,2.0472781658172607,7
