complexity,accuracy,distortion,mse,run
2.3875345148292357,2.3745444122149912,2.7371269158391645,,0
