complexity,accuracy,distortion,mse,gNID,eps,beta,run
2.3693453190271683,2.356422646115428,2.7552486818973385,46.16738015736198,[0.004000790867934145],-9.5315782985983e-05,0.7074348697394789,0
