complexity,accuracy,distortion,mse,gNID,eps,beta,run
2.4557896,2.4413443,2.6703262,41.451096,0.06316190958023071,-0.041098080575466156,0.7323682308197021,0
