complexity,accuracy,distortion,mse,trial
0.0,-9.536743e-07,1.0608778,416.50012,0
4.7683716e-07,-9.536743e-07,1.0608778,416.4999,1
0.0,-9.536743e-07,1.0608778,416.50006,2
0.0,-4.7683716e-07,1.0608773,416.49994,3
4.7683716e-07,0.0,1.0608768,416.50015,4
4.7683716e-07,-4.7683716e-07,1.0608773,416.50012,5
4.7683716e-07,-4.7683716e-07,1.0608773,416.50012,6
4.7683716e-07,-4.7683716e-07,1.0608773,416.50012,7
