complexity,accuracy,distortion,mse,run
5.921669554709297e-08,1.6719933881859106e-08,0.41582487341678487,,0
