complexity,accuracy,distortion,mse,gNID,eps,beta,run
1.5261264345047616,1.2701189551654704,0.6419086661104414,2.27858044615547,[0.005401170737598271],0.012760544686017929,1.0954954954954954,0
