complexity,accuracy,distortion,mse,gNID,eps,beta,run
0.9412589,0.937809,4.1738615,401.8243,0.5595248937606812,-0.05047973245382309,0.722381591796875,0
