complexity,accuracy,distortion,mse,gNID,eps,beta,run
5.9107637,2.7907562,0.69001675,1258.4221,0.07538998126983643,0.019047614187002182,22.969980239868164,0
