complexity,accuracy,distortion,mse,gNID,eps,beta,run
9.536743e-07,9.536743e-07,0.41582394,1.452638,-1.0,1.3750091909514595e-07,0.053275518119335175,0
