complexity,accuracy,distortion,mse,run
4.122925727074874,3.248545055389579,0.23222791671735443,,0
