complexity,accuracy,distortion,mse,gNID,eps,beta,run
4.25778,3.1712923,0.30948067,14.762306,0.030939579010009766,0.085654616355896,2.4763176441192627,0
