complexity,accuracy,distortion,mse,run
3.02748190413433,1.8585660792364163,0.05346175660953101,,0
