complexity,accuracy,distortion,mse,gNID,eps,beta,run
4.62524932082764,4.336198369568834,0.77547295849031,2.9122543899960793,[0.0010633449712039722],-0.0016636515078554204,1.048948948948949,0
