complexity,accuracy,distortion,mse,gNID,eps,beta,run
6.4638567,4.931671,0.17999935,241.23016,0.01583343744277954,0.02307567000389099,3.715049982070923,0
