complexity,accuracy,distortion,mse,gNID,eps,beta,run
4.625306131018824,4.336235980057223,0.7754353479453524,2.912143304460452,[0.001058965260849698],-0.0016453477699777941,1.048948948948949,0
