complexity,accuracy,distortion,mse,gNID,eps,beta,run
0.3334093,0.314497,1.6033688,984.6381,0.004128873348236084,-0.007881734520196915,0.7523415684700012,0
