complexity,accuracy,distortion,mse,gNID,eps,beta,run
0.0,0.0,0.4158268,1.4526371,0.0,6.388059409800917e-05,0.029973315075039864,0
