complexity,accuracy,distortion,mse,gNID,eps,beta,run
5.1878138,0.39223194,0.023592949,1.1598818,0.8648902326822281,0.8483774065971375,5.0,0
