complexity,accuracy,distortion,mse,gNID,eps,beta,run
2.427423198576955,2.413586279142855,2.6980850489374806,43.25697820356757,[0.0003467227317904831],-0.00010497872215497229,0.7083967935871743,0
