complexity,accuracy,distortion,mse,gNID,eps,beta,run
5.783496,2.6763363,0.80443573,1507.3018,0.09409171342849731,0.022340135648846626,21.68912696838379,0
