complexity,accuracy,distortion,mse,run
5.64037712199595,3.4492185540201454,0.03155441808678816,,0
