complexity,accuracy,distortion,mse,run
2.6417450551103467,2.6038328491373406,2.9742109985457637,,0
