complexity,accuracy,distortion,mse,run
2.431524241519531,2.4176129554951693,2.6940583726611926,,0
