complexity,accuracy,distortion,mse,gNID,eps,beta,run
2.4286618064052483,2.414771686881398,2.696899641102936,43.23464273291335,[0.00039544551982961806],-0.001199453959944925,0.7083967935871743,0
