complexity,accuracy,distortion,mse,gNID,eps,beta,run
4.625411950243949,4.336304007708936,0.7753673202904121,2.911930836881056,[0.0010464765564217604],-0.0016093197846239033,1.048948948948949,0
