complexity,accuracy,distortion,mse,run
4.336763195092487,4.132924132356006,0.9787471956579878,,0
