complexity,accuracy,distortion,mse,gNID,eps,beta,run
1.4019632,1.1019826,0.76605225,2.4464529,0.008417399394864966,0.0006322646513581276,1.0419546365737915,0
