complexity,accuracy,distortion,mse,gNID,eps,beta,run
0.3468399,0.34663486,4.7650356,934.69995,0.5857082605361938,-0.02548918128013611,0.6924216151237488,0
