complexity,accuracy,distortion,mse,gNID,eps,beta,run
5.5472894,2.5479012,0.93287086,1351.756,0.11915022134780884,0.041938092559576035,16.394929885864258,0
