complexity,accuracy,distortion,mse,run
1.0582412478049594,0.8510236599161329,1.0170116565511522,,0
