complexity,accuracy,distortion,mse,gNID,eps,beta,run
0.8366089,0.6184962,1.2495387,4.226832,0.32574535553036243,0.011524141766130924,0.9454169273376465,0
