complexity,accuracy,distortion,mse,run
4.47532862073426,4.233928876782512,0.8777424512600174,,0
