complexity,accuracy,distortion,mse,gNID,eps,beta,run
4.477763073452877,4.23535211513291,0.8763192126611781,3.3502040548231564,[0.0013949728478701573],-0.002894655706484641,0.9837837837837838,0
