complexity,accuracy,distortion,mse,gNID,eps,beta,run
0.0,1.9073486e-06,0.41582298,1.4518311,,7.365592864516657e-07,0.009999999776482582,0
