complexity,accuracy,distortion,mse,gNID,eps,beta,run
6.1294384,6.128568,0.5138612,0.23044437,0.04670292139053345,-0.0002101414283970371,0.7257104516029358,0
