complexity,accuracy,distortion,mse,gNID,eps,beta,run
4.630245,4.3395023,0.7721691,2.9019308,0.00018143653869628906,-1.0571139682724606e-05,1.0086658000946045,0
