complexity,accuracy,distortion,mse,gNID,eps,beta,run
4.632520156838801,4.340582641790551,0.7710886862030488,2.895971221436764,[0.0003942798971130479],0.00108821150455273,1.048948948948949,0
