complexity,accuracy,distortion,mse,run
4.464763750813155,4.226248754269095,0.8854225738031403,,0
