complexity,accuracy,distortion,mse,run
4.372111872078994,4.159321189455145,0.9523501386170725,,0
