complexity,accuracy,distortion,mse,run
6.42913231548207,5.072406176679111,0.03926431740047853,,0
