complexity,accuracy,distortion,mse,gNID,eps,beta,run
1.4122066,1.1271968,0.78483105,2.0568323,0.14516520500183105,-0.02426428161561489,1.2416877746582031,0
