complexity,accuracy,distortion,mse,gNID,eps,beta,run
0.34684086,0.34663486,4.7650356,934.69995,0.5857009589672089,-0.02549055777490139,0.6924216151237488,0
