complexity,accuracy,distortion,mse,trial
3.1219282,1.7145615,0.1974659,1.6000009,0
3.1219265,1.7120256,0.2000022,8.099998,1
0.46899605,0.20939589,1.702632,13.777776,2
3.1219287,1.7120442,0.1999836,3.6000001,3
3.3219285,1.9120278,-4.7683716e-07,2.8574538e-14,4
3.1219282,1.7121658,0.199862,2.5,5
3.1219287,1.7121487,0.19987965,2.5,6
3.1219282,1.7121491,0.1998787,2.5,7
