complexity,accuracy,distortion,mse,gNID,eps,beta,run
0.34684038,0.34663486,4.7650356,934.69995,0.5857004523277283,-0.025487802922725677,0.6924216151237488,0
