complexity,accuracy,distortion,mse,run
4.416286864302503,4.191443854779443,0.9202274732630986,,0
