complexity,accuracy,distortion,mse,run
0.987892837539813,0.8854238140854855,1.0266040217604617,,0
