complexity,accuracy,distortion,mse,run
2.4315242410467093,2.4176129550199708,2.6940583730522647,,0
