complexity,accuracy,distortion,mse,gNID,eps,beta,run
4.624971359714456,4.336002451573933,0.7756688764375621,2.912932695398008,[0.0010978216484356373],-0.0015309340700095705,1.048948948948949,0
