complexity,accuracy,distortion,mse,run
3.975938178225638,3.739053096602923,1.246796595999243,,0
