complexity,accuracy,distortion,mse,gNID,eps,beta,run
0.34684086,0.34480095,3.135972,937.71326,0.3000560998916626,-0.02248264290392399,0.7057371735572815,0
