complexity,mse
2.8464377,3.6000032
3.1219287,2.5
0.0,16.5
3.1219282,4.9
3.1219282,0.9000001
2.9219255,5.000003
3.3219244,7.113903e-07
3.1219282,0.90000004
