complexity,accuracy,distortion,mse,gNID,eps,beta,run
4.5899715,4.311995,0.79967546,3.002757,0.001099705696105957,0.0005741739878430963,1.0020079612731934,0
