complexity,accuracy,distortion,mse,gNID,eps,beta,run
5.502002,5.501642,1.1407871,1.0320172,0.10192769765853882,-0.000738668953999877,0.7190526723861694,0
