complexity,accuracy,distortion,mse,run
3.8718949369663225,3.6636900771585523,1.3642012375067991,,0
