complexity,accuracy,distortion,mse,sender_delta,receiver_delta,min_epsilon,min_beta,run
3.8700410676684207,3.656169759879385,15.18628894159542,7.321087351167078,0.4035474069265498,0.2683365763557531,0.0061504249998965,1.3532663316582916,0
