complexity,accuracy,distortion,mse,gNID,eps,beta,run
3.975874609868675,3.84752139923129,1.2641499287333795,5.744683640836919,[0.0005439244040739144],-0.0008003382278079726,0.8349397590361447,0
