complexity,accuracy,distortion,mse,gNID,eps,beta,run
0.9713011,0.9702568,4.1414137,345.9665,0.4613882899284363,-0.051060184836387634,0.7190526723861694,0
