complexity,accuracy,distortion,mse,gNID,eps,beta,run
0.34358025,0.34358025,6.300276,938.7418,0.8628756105899811,0.0,0.6657904982566833,0
