complexity,accuracy,distortion,mse,gNID,eps,beta,run
1.4726067,1.2414045,0.6764612,241.34273,0.0002542734146118164,-0.004251660313457251,1.0952168703079224,0
