complexity,accuracy,distortion,mse,run
6.357494061419313,5.056079890428315,0.05559060365127522,,0
