complexity,accuracy,distortion,mse,run
3.223392591772427,3.1780156925991534,1.933655635499015,,0
