complexity,accuracy,distortion,mse,run
3.236491489654542,3.1902964622959296,1.9213748655706926,,0
