complexity,accuracy,distortion,mse,gNID,eps,beta,run
0.08998108,0.085308075,1.8325577,1346.1699,0.046325743198394775,-0.0019089144188910723,0.6824349761009216,0
