complexity,accuracy,distortion,mse,gNID,eps,beta,run
1.2589359,0.22543335,0.19039154,1.2422333,0.3490619659423828,0.09596141427755356,5.0,0
