complexity,accuracy,distortion,mse,run
4.440928516126794,4.209219938564864,0.9024513895914978,,0
