complexity,accuracy,distortion,mse,run
6.44795092065297,5.076507373605338,0.03516312047425174,,0
