complexity,accuracy,distortion,mse,gNID,eps,beta,run
6.338586,5.024666,0.087005615,1.1213316,0.02005237340927124,-0.017832860350608826,3.225703716278076,0
