complexity,accuracy,distortion,mse,run
4.271538098564683,3.287013700079534,0.19375927202739973,,0
