complexity,accuracy,distortion,mse,gNID,eps,beta,run
4.239888,3.2732887,0.20748425,12.718084,0.010645508766174316,-0.006174052599817514,2.903268814086914,0
