complexity,accuracy,distortion,mse,gNID,eps,beta,run
5.2634716,2.3424377,1.1383343,1281.2871,0.168698251247406,0.06231500580906868,13.235490798950195,0
