complexity,accuracy,distortion,mse,gNID,eps,beta,run
5.262086,5.2617526,1.3806767,7.5624876,0.10179585218429565,-0.0006653790478594601,0.7157238125801086,0
