complexity,accuracy,distortion,mse,gNID,eps,beta,run
3.2211929440676528,3.1759465963528015,1.9357247317926145,14.733089075047308,[0.0001360876270830591],-0.00017609188549001496,0.7413827655310621,0
