complexity,accuracy,distortion,mse,gNID,eps,beta,run
0.0,0.0,0.41582775,1.452723,,4.102088132640347e-05,0.06991994380950928,0
