complexity,accuracy,distortion,mse,run
3.970984397865779,3.843493967332524,1.268177360777834,,0
