complexity,accuracy,distortion,mse,gNID,eps,beta,run
3.084962,1.4028664,0.46516895,3.1513295,0.09663611188433407,0.05752423778176308,3.6950767040252686,0
