complexity,accuracy,distortion,mse,run
5.902182577077307,3.4608560889831885,0.019916883123745066,,0
