complexity,accuracy,distortion,mse,gNID,eps,beta,run
6.8776693,0.3803215,0.035503387,1.1816562,0.8982267379760742,1.188731074333191,5.0,0
