complexity,accuracy,distortion,mse,gNID,eps,beta,run
1.4725628,1.4449997,2.0357733,176.11873,0.14970028400421143,-0.04225768521428108,0.7685123682022095,0
