complexity,accuracy,distortion,mse,gNID,eps,beta,run
4.625384731866198,4.336286450991022,0.7753848770416898,2.911991827507157,[0.0010532817054420551],-0.0016185304528907455,1.048948948948949,0
