complexity,accuracy,distortion,mse,gNID,eps,beta,run
6.383856,6.383856,0.26000023,161.4,0.023959994316101074,0.0,0.7356971502304077,0
