complexity,accuracy,distortion,mse,gNID,eps,beta,run
3.2206519581026605,3.175437346813526,1.9362339810570504,14.73908858922021,[0.00022449022855408618],-0.0002188988626417568,0.7413827655310621,0
