complexity,accuracy,distortion,mse,run
2.402978068420907,2.362847308486492,2.748823185593098,,0
