complexity,accuracy,distortion,mse,gNID,eps,beta,run
4.532606,4.163436,0.94823456,3.3524203,0.06318068504333496,0.007543165236711502,1.1251767873764038,0
