complexity,accuracy,distortion,mse,run
3.88156183043143,3.8815618304314317,2.7622942181525527,,0
