complexity,accuracy,distortion,mse,run
4.4054239893970575,4.18320774637567,0.9284627477039198,,0
