complexity,accuracy,distortion,mse,gNID,eps,beta,run
3.9401166962514953,3.0711184666219573,2.040552981131949,468.598569499457,0.3310467600822449,0.7039529085159302,0.9187858700752258,0
