complexity,accuracy,distortion,mse,run
3.6800523378792374,3.5171039909272928,1.6020314513970444,,0
