complexity,accuracy,distortion,mse,gNID,eps,beta,run
3.4004793,2.9633617,0.51741123,20.038948,0.007434487342834473,0.01573803462088108,1.2808538675308228,0
