complexity,accuracy,distortion,mse,gNID,eps,beta,run
3.073488908128711,1.622854711788932,1.8579182603180016,537.1993225859301,,,,0
