complexity,accuracy,distortion,mse,round,run
5.8708444,2.825594,0.65517807,1784.0107,0.0,1.0
2.0360591,0.7936871,2.687085,845.5294,1.0,1.0
3.567871,1.9590921,1.5216799,406.3572,2.0,1.0
3.5647914,1.960143,1.520629,406.08398,3.0,1.0
3.5646393,1.9602343,1.5205377,406.06137,4.0,1.0
3.5646265,1.9602423,1.5205297,406.0594,5.0,1.0
