complexity,accuracy,distortion,mse,gNID,eps,beta,run
3.2516294,1.670021,0.19801378,1.7505575,0.051863874779681574,0.006332551594823599,4.164449691772461,0
