complexity,accuracy,distortion,mse,gNID,eps,beta,run
1.4988527,1.2575779,0.66028786,236.34238,0.00048738718032836914,-0.0023928324226289988,1.1085323095321655,0
