complexity,accuracy,distortion,mse,run
4.6357589994386394,4.343135666976396,0.7685348271031938,,0
