complexity,accuracy,distortion,mse,gNID,eps,beta,run
4.639061,4.3452435,0.766428,2.879326,0.00034797191619873047,0.0011800334323197603,1.01199471950531,0
