complexity,accuracy,distortion,mse,gNID,eps,beta,run
4.641347254721655,4.346314391436362,0.7653569366382094,2.873402830780597,[0.0010378773482278003],0.0040391161095008786,1.048948948948949,0
