complexity,accuracy,distortion,mse,run
4.487830573056517,4.242571899393559,0.8690994287167992,,0
