complexity,accuracy,distortion,mse,gNID,eps,beta,run
4.477855179316812,4.235416825375612,0.876254502785045,3.349965065425109,[0.001383160266339556],-0.0028668084740355827,0.9837837837837838,0
