complexity,accuracy,distortion,mse,gNID,eps,beta,run
4.6403074,4.346072,0.7655983,2.877532,0.0002995303191851706,-0.00026154276565648615,1.015323519706726,0
