complexity,accuracy,distortion,mse,run
-1.3014805233524385e-08,-5.708162831297159e-09,0.4158248958448816,,0
