complexity,accuracy,distortion,mse,gNID,eps,beta,run
0.0,0.0,0.4158268,1.452638,0.0,3.382519935257733e-05,0.056604404002428055,0
