complexity,accuracy,distortion,mse,gNID,eps,beta,run
4.625379243774461,4.336282343391945,0.7753889846583188,2.9120255582735997,[0.0010491714016231946],-0.0016198465306990818,1.048948948948949,0
