complexity,accuracy,distortion,mse,gNID,eps,beta,run
0.00044631958,0.00042438507,1.9116035,15.5893545,,0.0010723946616053581,0.019986657425761223,0
