complexity,accuracy,distortion,mse,run
6.965263213127805,6.39450436706,0.4301633623058798,,0
7.0405230040834805,6.428020780873036,0.3966469484928439,,1
7.0621731335141575,6.4373654312142055,0.38730229815167405,,2
7.043578592692036,6.4293272773231465,0.39534045204273305,,3
7.0992935275779665,6.453069598758077,0.37159813060780245,,4
7.148353745165242,6.4732715683226445,0.351396161043235,,5
7.599869024761949,6.634914782226511,0.1897529471393682,,6
7.796663535470934,6.694292116385501,0.13037561298037836,,7
