complexity,accuracy,distortion,mse,gNID,eps,beta,run
5.191033,5.1908293,1.4516001,1.1135132,0.11575067043304443,-0.0008459275122731924,0.7157238125801086,0
