complexity,accuracy,distortion,mse,run
3.68005233792263,3.5171039909023474,1.6020314502325936,,0
