complexity,accuracy,distortion,mse,round,run
2.8464394,1.5908566,0.3211708,13.135999,0.0,1.0
0.00013923645,0.00013160706,1.9118958,16.352919,1.0,1.0
9.536743e-07,0.0,1.9120278,16.354876,2.0,1.0
4.7683716e-07,0.0,1.9120274,16.354877,3.0,1.0
4.7683716e-07,0.0,1.9120274,16.354877,4.0,1.0
