complexity,accuracy
0.97160196,0.8764286
0.9718008,0.8765831
0.97131205,0.8762026
0.9716239,0.8764453
0.97163105,0.87645006
0.971488,0.8763399
0.97152233,0.87636566
0.97182655,0.8766036
