complexity,accuracy,distortion,mse,gNID,eps,beta,run
2.4279076791409757,2.4140613705961993,2.6976099574234613,43.24025868987273,[0.00026237596820866127],-9.172470526560001e-05,0.7083967935871743,0
