complexity,accuracy
5.302044,3.803525
5.5533113,4.0450497
5.870015,4.357917
5.8138795,4.3015585
5.82183,4.316845
5.323727,3.8321877
5.888426,4.378623
5.297016,3.8125572
