complexity,accuracy
4.489685,4.2438717
4.4898443,4.24399
-5.722046e-06,-3.8146973e-06
4.4894657,4.2437134
4.489108,4.243469
4.4895334,4.243765
4.489249,4.2435684
4.488986,4.243393
