complexity,accuracy,distortion,mse,run
2.629665579409725,2.5924343792307454,3.0002060000891904,,0
