complexity,accuracy,distortion,mse,round,run
0.0062594414,0.0018129349,1.9102149,16.48601,0.0,1.0
6.389618e-05,6.055832e-05,1.9119673,16.02126,1.0,1.0
4.2915344e-06,3.8146973e-06,1.912024,16.017517,2.0,1.0
9.536743e-07,4.7683716e-07,1.9120274,16.017519,3.0,1.0
0.0,0.0,1.9120283,16.017519,4.0,1.0
0.0,4.7683716e-07,1.9120274,16.017519,5.0,1.0
0.0,0.0,1.9120283,16.017519,6.0,1.0
4.7683716e-07,4.7683716e-07,1.9120274,16.01752,7.0,1.0
