complexity,accuracy,distortion,mse,gNID,eps,beta,run
1.8177433,1.812582,3.2990885,101.682785,0.20295000076293945,-0.0479678176343441,0.7290393710136414,0
