complexity,accuracy,distortion,mse,gNID,eps,beta,run
4.625384912127435,4.336286732949654,0.775384595325443,2.9119907860720957,[0.0010502830714018696],-0.0016186274746078759,1.048948948948949,0
