complexity,accuracy,distortion,mse,gNID,eps,beta,run
3.2516289,1.5645909,0.3034439,2.332165,0.05884261200242569,0.031649138778448105,4.164449691772461,0
