complexity,accuracy,distortion,mse,gNID,eps,beta,run
7.251687221557233,5.7305576727399306,1.094110056625949,6347.889668641281,,,,0
8.09050539637402,6.550566692204857,0.27410103716102263,1882.944256522053,,,,1
8.145852862268928,6.604202029357635,0.22046570000824417,2166.3434227602775,,,,2
8.139792249558816,6.598945654764069,0.22572207460181026,1648.7061167675188,,,,3
8.091307245148027,6.549721286253247,0.2749464431126327,1802.5921638569307,,,,4
8.12309597371018,6.584873065690497,0.23979466367538294,2471.1795884138423,,,,5
8.02155118763877,6.481620301563309,0.3430474278025706,3051.3236859994477,,,,6
0.9912722244321444,0.682624477976411,6.1420432513894685,17161.52174453851,,,,7
