complexity,accuracy,distortion,mse,gNID,eps,beta,run
3.9768043727562823,3.848325061306509,1.2633462666530964,5.740216881228668,[0.0003881558447614841],-0.0006493082934789058,0.8349397590361447,0
