complexity,accuracy,distortion,mse,gNID,eps,beta,run
1.9096489,1.883503,3.2281675,124.54453,0.29457875832522895,-0.02509717270731926,0.7323682308197021,0
