complexity,accuracy,distortion,mse,run
3.2233925918059576,3.178015692607893,1.9336556356938388,,0
