complexity,accuracy,distortion,mse,gNID,eps,beta,run
1.2847079144901397,0.6501371392029487,3.7210629965779685,4418.4055935040105,,,,0
