complexity,accuracy,distortion,mse,run
-1.270542782094708e-08,-5.612282194533691e-09,0.41582489574900094,,0
