complexity,accuracy,distortion,mse,gNID,eps,beta,run
0.0,1.9073486e-06,0.41582298,1.4526376,0.0,9.683629542678318e-08,0.07324883341789246,0
