complexity,accuracy,distortion,mse,sender_delta,receiver_delta,min_epsilon,min_beta,run
2.1902138104149937,2.1712717735313234,17.582005542048215,61.067394794786495,0.072354674389414,0.0346963583757636,5.30194029727382e-05,1.0310552763819096,0
