complexity,accuracy,distortion,mse,gNID,eps,beta,run
2.6062279,1.6992102,0.21281767,1.1362293,0.06130170822143555,-0.03137996047735214,2.636491060256958,0
