complexity,accuracy,distortion,mse,run
4.0299389685786515,3.891674165119813,1.2199963289597768,,0
