complexity,accuracy
3.4011745,3.3427362
3.4009733,3.342535
3.4016247,3.3431292
3.4010963,3.3426523
3.4000654,3.341711
3.3980932,3.339881
3.4000044,3.3416576
3.3992052,3.3409214
