complexity,accuracy,distortion,mse,trial
1.889586,0.09015989,0.0056643486,23.729277,0
1.889586,0.09015989,0.0056643486,23.729279,1
1.8895855,0.090159416,0.0056648254,23.729279,2
1.8895855,0.09016037,0.0056638718,23.729279,3
1.8895855,0.090159416,0.0056648254,23.729279,4
1.8895855,0.09015989,0.0056643486,23.729279,5
1.8895855,0.090159416,0.0056648254,23.729286,6
1.8895855,0.090159416,0.0056648254,23.729286,7
