complexity,accuracy
4.2984724,4.2780104
4.2959795,4.2755566
4.313593,4.292842
4.3006983,4.280201
4.314089,4.2933235
4.308913,4.2882557
4.3118544,4.291151
4.2824955,4.2623005
