complexity,accuracy,distortion,mse,run
3.2213671377198523,3.1761221153224994,1.9355492126914946,,0
