complexity,accuracy
1.5085697,1.2612944
1.5020237,1.257041
1.4953899,1.2528358
1.5085692,1.2612948
1.5020485,1.2570539
1.5085688,1.2612953
1.5085688,1.2612953
1.5046029,1.2588062
