complexity,accuracy
1.5259166,1.2742429
1.5210285,1.2713208
0.84984255,0.7627182
1.5206957,1.2711096
1.5207233,1.2711253
1.5204539,1.2709785
1.5207295,1.2711301
1.5246649,1.2734923
