complexity,accuracy,distortion,mse,run
-1.0511000070323462e-08,-3.461353692557623e-08,1.9120278704594842,,0
