complexity,accuracy,distortion,mse,gNID,eps,beta,run
4.7683716e-07,0.0,1.9120283,15.155559,-1.0,-2.1485224351636134e-05,0.023315543308854103,0
