complexity,accuracy,distortion,mse,gNID,eps,beta,run
4.625370389612357,4.336277270749491,0.7753940572484446,2.9120157811752967,[0.0010502687806104305],-0.001623451622784826,1.048948948948949,0
