complexity,accuracy,distortion,mse,run
3.961807446421311,3.8358528881565483,1.275818439915687,,0
