complexity,accuracy,distortion,mse,gNID,eps,beta,run
3.958871933198747,3.832963303870068,1.278708024169637,5.819976235637073,[0.0007998461528139211],-5.5247849909925656e-05,0.8313253012048194,0
