complexity,accuracy,distortion,mse,gNID,eps,beta,run
3.977511264363452,3.8488893702401903,1.2627819578078228,5.737662369379975,[0.0003036102763626092],-0.0008985072009491757,0.8349397590361447,0
