complexity,accuracy,distortion,mse,run
4.612490292395554,4.328031486124775,0.7836398420315867,,0
