complexity,accuracy,distortion,mse,gNID,eps,beta,run
0.0,0.0,1.8680358,6.313385,1.0000000230735633,-0.32786133885383606,5.0,0
