complexity,accuracy,distortion,mse,gNID,eps,beta,run
9.536743e-07,0.0,1.9120278,16.35492,-1.0,9.295983181800693e-05,0.009999999776482582,0
