complexity,accuracy,distortion,mse,round,run
0.007730007,0.0038022995,1.9082255,16.31067,0.0,1.0
1.4305115e-06,4.7683716e-07,1.9120274,16.354906,1.0,1.0
9.536743e-07,4.7683716e-07,1.9120274,16.354918,2.0,1.0
9.536743e-07,0.0,1.9120278,16.35492,3.0,1.0
