complexity,accuracy,distortion,mse,gNID,eps,beta,run
2.4561558,2.4417038,2.6699667,41.43909,0.06304210424423218,-0.041086360812187195,0.7323682308197021,0
