complexity,accuracy,distortion,mse,run
1.772973878630065,1.416893816528872,0.49513401931707524,,0
