complexity,accuracy,distortion,mse,gNID,eps,beta,run
4.224340951012679,4.03261130787126,1.079060020121949,4.187067704467539,[0.013981762705777445],0.0024729494015816055,0.9093093093093093,0
