complexity,accuracy,distortion,mse,gNID,eps,beta,run
3.1165957,1.865499,0.046528816,1.1311744,0.026423990726470947,-0.0143167395144701,3.8748364448547363,0
