complexity,accuracy,distortion,mse,gNID,eps,beta,run
6.782883759388021,5.25495058503194,1.5697171443339393,8672.39362297107,0.161187118618759,0.3544814884662628,1.9507404565811157,0
8.136019189963331,6.594432806646008,0.2302349227198714,2437.8483446460705,0.01617694936907732,0.03130141273140907,3.4953434467315674,1
8.170095183832652,6.628441117852578,0.1962266115133015,1113.4073730346172,0.013643923111349987,0.025805888697504997,3.6185123920440674,2
8.109489221427227,6.56790283292302,0.2567648964428599,2362.5775664209277,0.018191209749727877,0.03570099547505379,3.412121295928955,3
8.154201009119756,6.616910489492696,0.2077572398731835,1708.324858746151,0.014777527038626337,0.02712130732834339,3.5585923194885254,4
8.117035364106002,6.575384960287019,0.2492827690788601,2243.839704135405,0.01762396661775023,0.03442644700407982,3.4354236125946045,5
8.058716839118196,6.517503792558225,0.3071639368076546,2049.1163673568626,0.022077001510463767,0.04451508820056915,3.272308111190796,6
2.358956733948924,1.686854358178639,5.1378133711872405,15203.688315038666,0.6245881112424798,0.8686477541923523,0.7190526723861694,7
