complexity,accuracy,distortion,mse,gNID,eps,beta,run
0.9766669,0.8808985,1.0311294,3.9948196,0.012520194053649902,-0.007596112787723541,0.8821681141853333,0
