complexity,accuracy,distortion,mse,run
5.257806253804551,3.426578218469018,0.05419475363791548,,0
