complexity,accuracy,distortion,mse,run
4.920277793422565,3.396080911457002,0.08469206064993173,,0
