complexity,accuracy,distortion,mse,gNID,eps,beta,run
4.4439106,3.2431455,0.2376275,12.505875,0.0971752405166626,-0.05188615247607231,6.233489036560059,0
