complexity,accuracy,distortion,mse,gNID,eps,beta,run
4.477812169375072,4.2353873245824545,0.876284003302878,3.350060874742028,[0.0013878142749437217],-0.002880540334374656,0.9837837837837838,0
