complexity,mse
6.396308,259.09332
6.3763075,252.33331
0.0,1666.5017
6.4438567,139.70999
6.3887587,273.88663
6.3163075,196.26334
6.336308,193.90332
6.221209,392.57672
