complexity,accuracy,distortion,mse,gNID,eps,beta,run
0.29375744,0.27735615,1.6405096,1038.9253,0.014836132526397705,-0.008625170215964317,0.7456837892532349,0
