complexity,accuracy,distortion,mse,gNID,eps,beta,run
1.4019222,1.1017947,0.7662401,2.4476867,0.009238183526561472,0.0007727592601440847,1.0419546365737915,0
