complexity,accuracy,distortion,mse,run
0.332265103729128,0.30850797464251656,1.6035198612034307,,0
