complexity,accuracy,distortion,mse,run
4.5877643750092965,4.3116631554419484,0.800008172600581,,0
