complexity,accuracy,distortion,mse,gNID,eps,beta,run
4.619982449771224,4.332565989842545,0.7791053382963558,2.9242533124253507,[0.001261402686627222],0.002844883469306918,1.0396396396396397,0
