complexity,accuracy,distortion,mse,gNID,eps,beta,run
4.389430923395541,4.1578583015456765,0.9538130266815336,3.5512496401154445,[0.012741667567427561],-0.00712422429627341,0.9744744744744744,0
