complexity,accuracy,distortion,mse,gNID,eps,beta,run
0.0,0.0,1.8680348,6.313385,1.0000000080512006,-0.32786163687705994,5.0,0
