complexity,accuracy,distortion,mse,run
4.332448689214212,4.129866576848574,0.9818047513077754,,0
