complexity,accuracy,distortion,mse,run
3.206281002038305,1.8944786822517292,0.017549153594218048,,0
