complexity,accuracy,distortion,mse,gNID,eps,beta,run
3.1218865,1.8537745,0.05825329,0.9860225,0.03465449810028076,-0.011141407303512096,3.921441078186035,0
