complexity,accuracy,distortion,mse,gNID,eps,beta,run
0.33340836,0.33146,3.149313,955.9573,0.6007476150989532,-0.012060295790433884,0.6831220984458923,0
