complexity,accuracy,distortion,mse,round,run
0.71530247,0.12340069,3.3573713,1650.894,0.0,1.0
0.016200066,0.016050339,3.4647217,1535.2267,1.0,1.0
0.03248787,0.03230095,3.448471,1468.7893,2.0,1.0
0.06580353,0.06544781,3.4153242,1395.5903,3.0,1.0
0.114118576,0.11349869,3.3672733,1306.115,4.0,1.0
0.17081356,0.16986561,3.3109064,1208.9756,5.0,1.0
0.22482109,0.2235527,3.2572193,1121.6891,6.0,1.0
0.26691723,0.2653885,3.2153835,1056.5784,7.0,1.0
0.29488468,0.29318047,3.1875916,1014.4114,8.0,1.0
0.31163406,0.309824,3.170948,989.3608,9.0,1.0
0.32113838,0.31926727,3.1615047,975.07477,10.0,1.0
0.32643127,0.32452583,3.1562462,967.00696,11.0,1.0
0.3293867,0.32746315,3.1533089,962.4116,12.0,1.0
0.33106518,0.32913113,3.151641,959.7505,13.0,1.0
0.33203506,0.3300953,3.1506767,958.1849,14.0,1.0
0.33260536,0.33066177,3.1501102,957.255,15.0,1.0
0.332942,0.33099747,3.1497746,956.7029,16.0,1.0
0.3331442,0.33119678,3.1495752,956.3781,17.0,1.0
0.33325863,0.33131218,3.1494598,956.1902,18.0,1.0
0.33332634,0.33137894,3.149393,956.0836,19.0,1.0
0.33336544,0.33141518,3.1493568,956.02466,20.0,1.0
0.3333845,0.3314371,3.149335,955.99255,21.0,1.0
0.3333969,0.3314476,3.1493244,955.9755,22.0,1.0
0.33340263,0.33145332,3.1493187,955.96655,23.0,1.0
0.3334055,0.33145714,3.1493149,955.962,24.0,1.0
0.3334074,0.33145905,3.149313,955.9596,25.0,1.0
0.33340836,0.33146095,3.149311,955.9584,26.0,1.0
0.33340836,0.33146095,3.149311,955.95776,27.0,1.0
0.33340836,0.33146095,3.149311,955.9575,28.0,1.0
0.33341026,0.33145905,3.149313,955.9574,29.0,1.0
0.33340836,0.33146,3.149312,955.95734,30.0,1.0
0.33340836,0.33146095,3.149311,955.9573,31.0,1.0
0.33340836,0.33146095,3.149311,955.9572,32.0,1.0
0.33341026,0.33146095,3.149311,955.9573,33.0,1.0
0.3334093,0.33146,3.149312,955.9573,34.0,1.0
0.33340836,0.33146,3.149312,955.9573,35.0,1.0
0.33340836,0.33146,3.149312,955.9573,36.0,1.0
0.3334093,0.33146095,3.149311,955.9572,37.0,1.0
0.33340836,0.33146,3.149312,955.9573,38.0,1.0
0.33341026,0.33145905,3.149313,955.9572,39.0,1.0
0.3334093,0.33146095,3.149311,955.9572,40.0,1.0
0.33341026,0.33146,3.149312,955.9572,41.0,1.0
0.33341026,0.33146,3.149312,955.9572,42.0,1.0
0.33340836,0.33146,3.149312,955.9572,43.0,1.0
0.33340836,0.33146,3.149312,955.9572,44.0,1.0
0.33340836,0.33146095,3.149311,955.9572,45.0,1.0
0.3334093,0.33146,3.149312,955.9573,46.0,1.0
0.3334093,0.33146095,3.149311,955.9572,47.0,1.0
0.33340836,0.33146095,3.149311,955.9572,48.0,1.0
