complexity,accuracy,distortion,mse,gNID,eps,beta,run
0.34684038,0.34684086,6.297015,934.3342,0.8640706986188889,-7.161970074776036e-07,0.6657904982566833,0
