complexity,accuracy,distortion,mse,run
3.1552462028422736,1.7922229753684862,0.07581234109879897,,0
