complexity,accuracy,distortion,mse,gNID,eps,beta,run
2.906334,1.7011766,0.16685867,1.3018804,0.08755566823591432,-0.047613177448511124,3.3155837059020996,0
