complexity,accuracy,distortion,mse,run
2.8881369752227357,1.8259147849731416,0.08611305087280563,,0
