complexity,accuracy,distortion,mse,gNID,eps,beta,run
6.4638557,3.323968,0.15680504,127.88185,0.016506075859069824,0.002090055262669921,38.42561721801758,0
