complexity,accuracy,distortion,mse,gNID,eps,beta,run
3.6553402,3.0493078,0.43146515,17.312134,0.021908283233642578,-0.005781662184745073,1.7078051567077637,0
