complexity,accuracy,distortion,mse,gNID,eps,beta,run
6.451292,0.4096384,0.0061864853,1.1552025,0.8856403976678848,1.097591757774353,5.0,0
