complexity,accuracy,distortion,mse,run
4.127813569024394,3.8433269699929777,1.0936025880618498,,0
