complexity,accuracy,distortion,mse,run
4.108013671698565,3.8301357485516423,1.1121189842647334,,0
