complexity,accuracy,distortion,mse,sender_delta,receiver_delta,min_epsilon,min_beta,run
4.127358326221996,3.842696841634664,14.685434313045828,5.812432400650354,0.0002133186442423,7.917467477723639e-05,0.00032826627252586886,1.5080402010050251,0
