complexity,accuracy,distortion,mse,run
6.459886887868542,5.079061079251199,0.03260941482839108,,0
