complexity,accuracy,distortion,mse,run
2.9748086510620535,1.752578386137455,0.11545693032983007,,0
