complexity,accuracy,distortion,mse,gNID,eps,beta,run
2.6258142,1.29322,0.5748148,2.815566,0.2060652846223422,0.03725084662437439,2.962721824645996,0
