complexity,accuracy,distortion,mse,gNID,eps,beta,run
6.356308,3.2127914,0.26798153,396.94046,0.02734154462814331,0.004247638396918774,33.814544677734375,0
