complexity,accuracy,distortion,mse,round,run
1.9073486e-06,0.0,3.480774,1664.7283,0.0,1.0
1.9073486e-06,0.0,3.480774,1664.7281,1.0,1.0
8.583069e-06,0.0,3.480773,1664.7279,2.0,1.0
6.198883e-05,7.6293945e-06,3.4807653,1664.7261,3.0,1.0
0.0004272461,5.2452087e-05,3.4807205,1664.7129,4.0,1.0
0.0029239655,0.0003633499,3.4804096,1664.6212,5.0,1.0
0.02000618,0.0025091171,3.4782639,1663.9272,6.0,1.0
0.1363039,0.018155098,3.4626179,1657.6244,7.0,1.0
0.88655376,0.16416454,3.3166084,1582.6134,8.0,1.0
3.4243784,1.1397667,2.3410063,1126.9601,9.0,1.0
5.3323555,2.3962555,1.0845175,577.81866,10.0,1.0
6.002515,2.9455004,0.5352726,351.7363,11.0,1.0
6.245769,3.146124,0.3346491,273.42755,12.0,1.0
6.352717,3.2321815,0.24859142,238.04903,13.0,1.0
6.3921795,3.2651567,0.21561623,220.38297,14.0,1.0
6.400097,3.2727537,0.20801926,216.53415,15.0,1.0
6.405366,3.2780228,0.2027502,214.51776,16.0,1.0
6.408634,3.281291,0.19948196,214.0417,17.0,1.0
6.408758,3.281413,0.1993599,214.03473,18.0,1.0
