complexity,accuracy,distortion,mse,run
3.4476324585866216,3.379194412993442,1.7324760810861477,,0
