complexity,accuracy,distortion,mse,run
3.981751470919951,3.85255553280499,1.2591157951656413,,0
