complexity,accuracy,distortion,mse,gNID,eps,beta,run
3.9787519316343225,3.849958590216124,1.2617127378734647,5.731975230613031,[0.00012403572689279052],-0.00027319743365785386,0.8349397590361447,0
