complexity,accuracy,distortion,mse,gNID,eps,beta,run
4.7683716e-07,0.0,1.9120274,16.007221,,-7.305268354684813e-07,0.03330220282077789,0
