complexity,accuracy,distortion,mse,round,run
2.5219219,1.3305502,0.58147717,14.19941,0.0,1.0
0.007019043,0.0066399574,1.9053874,15.8850765,1.0,1.0
0.00030231476,0.00028562546,1.9117417,16.002878,2.0,1.0
1.1920929e-05,1.04904175e-05,1.9120169,16.00709,3.0,1.0
1.4305115e-06,0.0,1.9120278,16.00722,4.0,1.0
0.0,0.0,1.9120278,16.007223,5.0,1.0
4.7683716e-07,4.7683716e-07,1.9120269,16.007221,6.0,1.0
4.7683716e-07,0.0,1.9120274,16.007221,7.0,1.0
4.7683716e-07,0.0,1.9120274,16.007221,8.0,1.0
