complexity,accuracy,distortion,mse,gNID,eps,beta,run
0.34684086,0.3448019,3.135971,937.71326,0.3000510334968567,-0.022485345602035522,0.7057371735572815,0
