complexity,accuracy,distortion,mse,run
4.642354050935918,3.3594439542748322,0.12132901783210137,,0
