complexity,accuracy,distortion,mse,gNID,eps,beta,run
0.0,0.0,1.8680363,6.313385,-5.901103492469674,-8.400819206144661e-05,0.3861640989780426,0
