complexity,accuracy,distortion,mse,gNID,eps,beta,run
0.0,0.0,6.824667800031149,18149.706515649043,,,,0
0.0,0.0,6.824667800539006,18149.70639466605,,,,1
0.0,0.0,6.824667805620249,18149.70644017695,,,,2
1.7847412436822196e-09,0.0,6.824667789166986,18149.706446816643,,,,3
0.0,0.0,6.82466780132332,18149.706398383234,,,,4
0.0,0.0,6.82466780145665,18149.706381713902,,,,5
7.833549226177183e-06,7.77160803266952e-06,6.824659957757847,18149.51224749641,,,,6
1.791414896779031e-05,1.7851751735520338e-05,6.824649877614144,18149.26302784641,,,,7
