complexity,accuracy,distortion,mse,run
0.00695757715357459,0.0021562803608290437,0.4136686097758897,,0
