complexity,accuracy,distortion,mse,run
2.2585753685242427,1.6347068049650249,0.2773210308809224,,0
