complexity,accuracy,distortion,mse,gNID,eps,beta,run
2.0319448,1.4698167,0.44221115,2.2953296,0.14110219478607178,-0.032367825508117676,1.9074649810791016,0
