complexity,accuracy,distortion,mse,gNID,eps,beta,run
0.20984459,0.06044197,0.35538292,1.3951501,0.014550268650054932,0.00016720732674002647,2.516651153564453,0
