complexity,accuracy
0.8719424255535495,0.9431479737845763
