complexity,accuracy,distortion,mse,gNID,eps,beta,run
0.29375648,0.29358768,4.818084,1008.4408,0.585315078496933,-0.022633707150816917,0.689092755317688,0
