complexity,accuracy,distortion,mse,run
1.400147442871873,1.1914469445637117,0.7205808912822356,,0
