complexity,accuracy,distortion,mse,gNID,eps,beta,run
1.3189049,1.1169143,0.79511356,2.9220014,0.05022233724594116,-0.006379035301506519,1.0519412755966187,0
