complexity,accuracy,distortion,mse,run
4.543020799468449,4.281185948491164,0.8304853796651859,,0
