complexity,accuracy,distortion,mse,gNID,eps,beta,run
4.379562997598229,4.147087416782111,0.9645839111721566,3.635375394896843,[0.013839517273248392],-0.001447806956805078,0.9651651651651652,0
