complexity,accuracy,distortion,mse,run
8.347886671897594,6.822415636690325,0.0022520926755547066,,0
8.347886671897594,6.822415636690325,0.0022520926755547066,,1
8.347886671897594,6.822415636690325,0.0022520926755547066,,2
8.336422365307635,6.820755394548472,0.00391233481740727,,3
0.08139140501610242,0.0793320312285779,6.745335698137302,,4
0.006259298281861447,0.006015667511853451,6.818652061854026,,5
7.919811720650044,6.728331467889886,0.09633626147599372,,6
7.765560237312984,6.685309113105008,0.13935861626087132,,7
