complexity,accuracy,distortion,mse,gNID,eps,beta,run
0.0,0.0,6.824667803265127,18149.70641248045,1.000000001477727,-0.3050942122936249,5.0,0
0.0,0.0,6.824667794590541,18149.706490718578,1.000000000436685,-0.3050942122936249,5.0,1
0.0,0.0,6.824667796228846,18149.70643968563,1.0000000006306446,-0.3050942122936249,5.0,2
2.6686702625511316e-08,0.0,6.824667780299583,18149.70640906853,0.9999999968072594,-0.32779422402381897,4.623836040496826,3
1.9224050621602373e-05,7.70843033848223e-06,6.824660020935541,18149.704851405146,0.9999885173416059,-0.003254842245951295,0.6291728019714355,4
0.0138538213266272,0.0056548319512685,6.819012897414611,18148.48436701756,0.729351722313933,0.015318811871111393,0.5193195343017578,5
5.269959012097223,3.830778063115659,2.993889666250221,13574.5957359566,0.36426607709853775,0.09576461464166641,2.586557626724243,6
7.471094363751528,5.93669371431646,0.8879740150494193,7563.591682548479,0.07302088009460106,0.19323810935020447,2.3502068519592285,7
