complexity,accuracy,distortion,mse,gNID,eps,beta,run
4.6401882426926235,4.345555701679601,0.7661156264028222,2.8764220697963556,[0.0008998819576331307],0.0036574746817322813,1.048948948948949,0
