complexity,accuracy,distortion,mse,gNID,eps,beta,run
4.641843,4.347062,0.76460934,2.8720822,8.541345596313477e-05,0.0004561074892990291,1.015323519706726,0
