complexity,accuracy,distortion,mse,run
3.9800351827818012,3.8510137379608516,1.2606575900933041,,0
