complexity,accuracy
4.7683716e-07,0.0
9.536743e-07,9.536743e-07
9.536743e-07,0.0
1.9073486e-06,4.7683716e-07
1.9073486e-06,4.7683716e-07
1.9073486e-06,0.0
2.3841858e-06,9.536743e-07
9.536743e-07,9.536743e-07
