complexity,accuracy,distortion,mse,run
4.440928516005112,4.209219938452776,0.9024513895612181,,0
