complexity,accuracy,distortion,mse,round,run
5.7719536,2.7000084,0.7807646,1490.155,0.0,1.0
0.34560284,0.14688273,3.3338902,2320.4998,1.0,1.0
0.16254571,0.082802355,3.3979707,2320.4998,2.0,1.0
