complexity,accuracy,distortion,mse,sender_delta,receiver_delta,min_epsilon,min_beta,run
4.0277696486233765,3.774465605766793,28.128706884518433,6.361848775539957,0.1635812723113054,0.1768644901245597,0.000965385144315936,1.4376884422110554,0
