complexity,accuracy,distortion,mse,gNID,eps,beta,run
3.744158472198352,3.744158472198354,2.8996975763856305,90.30428346237169,0.37535279989242554,-2.4819026736946134e-15,0.7157238125801086,0
