complexity,accuracy,distortion,mse,gNID,eps,beta,run
6.3563066,6.3563066,0.2875495,202.34386,0.02705484628677368,-1.218285899849084e-15,0.7290393710136414,0
