complexity,accuracy,distortion,mse,run
2.1930636695543306,2.1740885229876756,3.691547768901433,,0
