complexity,accuracy,distortion,mse,gNID,eps,beta,run
4.7683716e-07,0.0,1.9120278,16.354912,,2.3243164832820185e-05,0.039959974586963654,0
