complexity,accuracy,distortion,mse,sender_delta,receiver_delta,min_epsilon,min_beta,run
4.127666233211981,3.842904567966899,35.555307548844304,5.81072854989417,0.0445477030980357,0.024902142165369,0.00032471789045609295,1.5080402010050251,0
