complexity,accuracy,distortion,mse,run
6.125624143803364,3.4687865556740203,0.011986416432913316,,0
