complexity,accuracy,distortion,mse,gNID,eps,beta,run
6.394602,4.878395,0.23327541,126.22046,0.0219382643699646,0.029990117996931076,3.455396890640259,0
