complexity,accuracy,distortion,mse,gNID,eps,beta,run
6.356307,4.838296,0.2733755,178.59271,0.025880873203277588,0.03674256429076195,3.348872661590576,0
