complexity,accuracy
7.0479536,6.948469
7.048027,6.9485426
7.0480967,6.948599
7.0479574,6.9484825
7.048113,6.948614
7.0481863,6.9486837
7.0478497,6.9483805
7.047881,6.948415
