complexity,accuracy,distortion,mse,run
4.531844217696701,4.2732827760548595,0.8383885520554983,,0
