complexity,accuracy,distortion,mse,run
4.340514429060075,4.135890624241551,0.9757807038687965,,0
