complexity,accuracy,distortion,mse,gNID,eps,beta,run
4.48811450595197,4.234981408588725,0.8766899193199933,3.2549179878898276,[0.007066898035095304],-0.005415334463607961,1.0024024024024025,0
