complexity,accuracy,distortion,mse,run
1.4889318435139325,1.2523962368591466,0.6596313858601759,,0
