complexity,accuracy,distortion,mse,run
0.02024338134147552,0.018994262684660868,1.8930335731612864,,0
