complexity,accuracy,distortion,mse,run
6.3213203149266946,3.4743923538115826,0.0063806182953509705,,0
