complexity,accuracy,distortion,mse,gNID,eps,beta,run
6.112269,3.1602898,0.3204832,239.25806,0.05131572484970093,0.003856576746329665,27.239492416381836,0
