complexity,accuracy,distortion,mse,run
2.0338295484397637,1.5440909557234024,0.3679368801225449,,0
