complexity,accuracy,distortion,mse,gNID,eps,beta,run
2.0595593,1.4212732,0.49075413,1.8201824,0.11439836025238037,0.0927724838256836,1.6012074947357178,0
