complexity,accuracy,distortion,mse,gNID,eps,beta,run
2.7219286,1.4538054,0.4582224,16.46016,0.12880074977874756,0.05537808686494827,2.9261040687561035,0
