complexity,accuracy,distortion,mse,round,run
2.7219286,1.4538054,0.4582224,16.46016,0.0,1.0
2.7219286,1.4538054,0.4582224,16.46016,1.0,1.0
