complexity,accuracy,distortion,mse,gNID,eps,beta,run
1.3824782,1.0918288,0.776206,2.4542313,0.004117461095532016,-0.005067250691354275,1.03529691696167,0
