complexity,accuracy,distortion,mse,gNID,eps,beta,run
0.3468399,0.32705593,1.5908098,966.5779,0.010578393936157227,-0.008535758592188358,0.755670428276062,0
