complexity,accuracy,distortion,mse,gNID,eps,beta,run
6.26326,4.997466,0.11420441,1.1519707,0.024646997451782227,-0.021685948595404625,3.0559306144714355,0
