complexity,accuracy,distortion,mse,round,run
0.0063381195,0.0027532578,1.9092746,16.550304,0.0,1.0
9.536743e-07,0.0,1.9120278,16.354818,1.0,1.0
0.0,4.7683716e-07,1.9120274,16.354805,2.0,1.0
9.536743e-07,0.0,1.9120278,16.354805,3.0,1.0
