complexity,accuracy,distortion,mse,gNID,eps,beta,run
4.6231731751746175,4.334766246529481,0.7769050816982404,2.916953875460348,[0.0013215290659210899],-0.0020090017220554075,1.048948948948949,0
