complexity,accuracy,distortion,mse,gNID,eps,beta,run
6.4163065,4.8853426,0.2263279,102.33765,0.02032548189163208,0.03035491518676281,3.53196120262146,0
