complexity,accuracy,distortion,mse,gNID,eps,beta,run
1.9073486e-06,0.0,0.4158249,1.448016,,0.00011494419595692307,0.016657771542668343,0
