complexity,accuracy,distortion,mse,gNID,eps,beta,run
1.52387134078484,1.5235871220595332,5.301080607306346,1733.9078618585054,0.5030611494624571,-0.06633475422859192,0.7157238125801086,0
1.523938116370969,1.5236538590988555,5.301013870267024,1733.7533071722369,0.503032034928306,-0.06633470207452774,0.7157238125801086,1
1.5238464880389664,1.523562285068035,5.3011054442978445,1733.963406795746,0.5030720921304195,-0.06633476912975311,0.7157238125801086,2
1.5238763326723903,1.523592112340772,5.301075617025107,1733.8945213454272,0.5030590871786433,-0.06633475422859192,0.7157238125801086,3
1.5238464637956124,1.5235622620137423,5.301105467352137,1733.9618843535432,0.5030719535133438,-0.06633477658033371,0.7157238125801086,4
1.5238356627628686,1.5235514671053991,5.30111626226048,1733.9871015578126,0.503076708416661,-0.0663347840309143,0.7157238125801086,5
1.5238380426981148,1.5235538442625636,5.301113885103316,1733.983469734369,0.5030752804499818,-0.0663347840309143,0.7157238125801086,6
1.5239353659368875,1.523651108891919,5.301016620473961,1733.7617051348054,0.5030342121468101,-0.06633470207452774,0.7157238125801086,7
