complexity,accuracy,distortion,mse,gNID,eps,beta,run
0.094799995,0.08989954,1.8221278,13.320908,0.02433919906616211,-0.0022614039480686188,0.6857638359069824,0
