complexity,accuracy,distortion,mse,run
3.9431088039442237,3.8202325435792623,1.2914387845770996,,0
