complexity,accuracy,distortion,mse,run
3.932600891003071,3.811538139753269,1.3001331884030805,,0
