complexity,accuracy,distortion,mse,gNID,eps,beta,run
3.9298136400560977,3.807664318390312,1.3040070096202907,5.95893823914891,[0.002115220552490138],-0.003494345349192711,0.8277108433734941,0
