complexity,accuracy,distortion,mse,gNID,eps,beta,run
4.067214,3.9226694,1.1890011,5.191065,0.001244637119548253,-0.0038291115779429674,0.832234799861908,0
