complexity,accuracy,distortion,mse,gNID,eps,beta,run
0.0,0.0,0.41582584,1.452723,-1.2857143878936768,2.456960146446363e-07,0.029973315075039864,0
