complexity,accuracy,distortion,mse,gNID,eps,beta,run
6.1683893,3.4624014,0.018370628,9.876841,0.02912890911102295,-0.005598004907369614,27.751834869384766,0
