complexity,accuracy,distortion,mse,gNID,eps,beta,run
0.34358025,0.34156418,3.1392088,942.1229,0.29403918981552124,-0.02251642569899559,0.7057371735572815,0
