complexity,accuracy,distortion,mse,run
2.4288755450302464,2.4150213601708312,2.696649967994892,,0
