complexity,accuracy,distortion,mse,gNID,eps,beta,run
2.6357155,2.4658012,1.0149717,40.30897,0.028068721294403076,-0.03585035353899002,0.939292848110199,0
