complexity,accuracy,distortion,mse,gNID,eps,beta,run
6.9240723,0.2626276,0.15319729,1.3937753,0.9340700581669807,1.2232617139816284,4.993342399597168,0
