complexity,accuracy,distortion,mse,gNID,eps,beta,run
2.4561338,2.3241901,1.1565819,49.265144,0.0013587474822998047,-0.0047701271250844,0.8530120253562927,0
