complexity,accuracy,distortion,mse,gNID,eps,beta,run
3.6663675,3.5654173,1.5462532,8.9000435,0.023161768913269043,0.004811869468539953,0.7823015451431274,0
