complexity,accuracy,distortion,mse,run
1.1263548394071599,0.9042156837391024,0.9638196327281827,,0
