complexity,accuracy,distortion,mse,run
6.37011243846754,5.963447455788904,0.7241285231088792,,0
6.366592431482539,5.9592661984547135,0.7283097804430696,,1
6.374644690940817,5.96400981959413,0.7235661593036529,,2
6.365450407998514,5.959129227400057,0.7284467514977262,,3
6.369057359047035,5.955072750236635,0.7325032286611481,,4
6.362677121595862,5.954973473054652,0.7326025058431309,,5
6.352195304851914,5.952862801196595,0.7347131777011882,,6
6.043036370027162,5.767276826707455,0.9202991521903279,,7
