complexity,accuracy,distortion,mse,run
6.212238991060627,5.914099116682488,0.7734768622152952,,0
6.212238991060627,5.914099116682488,0.7734768622152952,,1
6.212238991060627,5.914099116682488,0.7734768622152952,,2
6.206396875115976,5.91024217060032,0.7773338082974632,,3
6.206396875115976,5.91024217060032,0.7773338082974632,,4
6.212238991060627,5.914099116682488,0.7734768622152952,,5
6.206396875115976,5.91024217060032,0.7773338082974632,,6
6.011685397533721,5.775824608255215,0.911751370642568,,7
