complexity,accuracy,distortion,mse,gNID,eps,beta,run
6.211351604413489,5.913455030140462,0.7741208683581746,2.917004967371619,0.00016899338127407404,-0.0002428079751553014,1.0020079612731934,0
6.210586757187954,5.912942617765935,0.7746332818097947,2.9191798757754346,0.00023931442046765117,-0.0004947370616719127,1.0020079612731934,1
6.211633448500354,5.913642694540407,0.7739330915600107,2.916220924939034,0.00014396313285436335,-0.00014881064998917282,1.0020079612731934,2
6.209720163602782,5.91238280017472,0.7751931569034696,2.921410870489025,0.000280534026660173,0.0011842245003208518,0.9986791014671326,3
6.209740277270745,5.912412965800602,0.775162875051425,2.92115491415823,0.0002843010133877222,0.0011741656344383955,0.9986791014671326,4
6.210082076224893,5.912613339620394,0.7749624634221419,2.9204932192256052,0.00028169837094860206,-0.0006697829230688512,1.0020079612731934,5
6.206970754659817,5.910583574652579,0.7769923749582706,2.9287164195101365,4.110494592801661e-05,0.00023278463049791753,0.9986791014671326,6
5.969096158299639,5.734768269536829,0.952807597104643,3.795988457988788,0.005749961401913417,-0.0016623697010800242,0.9221147298812866,7
