complexity,accuracy,distortion,mse,gNID,eps,beta,run
5.880903736199967,4.450896248550613,0.6607742455289767,175.05548211877948,0.06660956144332886,0.15140534937381744,2.373508930206299,0
