complexity,accuracy,distortion,mse,round,run
3.0220551,1.3239946,0.5440407,3.3044043,0.0,1.0
0.9090002,0.5802538,1.2877816,4.4374814,1.0,1.0
