complexity,accuracy,distortion,mse,gNID,eps,beta,run
4.643365,3.3586826,0.12209034,11.515033,0.0013996362686157227,0.0003986830997746438,4.440293312072754,0
