complexity,accuracy,distortion,mse,run
3.9759381777701197,3.7390530962452466,1.2467966064957547,,0
