complexity,accuracy,distortion,mse,sender_delta,receiver_delta,min_epsilon,min_beta,run
3.981923771872859,3.7431750122837837,33.30409244880989,6.6742764682122635,9.999847972927189e-05,6.470797323277714e-05,,,0
