complexity,accuracy,distortion,mse,gNID,eps,beta,run
3.320632,1.9119177,0.00011014938,0.8861051,0.010265171527862549,0.00600768206641078,5.0,0
