complexity,accuracy,distortion,mse,gNID,eps,beta,run
5.5139093,4.6883287,0.42334175,6.113468,0.05299341678619385,-0.03860945999622345,2.07058048248291,0
