complexity,accuracy,distortion,mse,gNID,eps,beta,run
0.062170982,0.018995285,0.3968296,1.4340807,0.010589816604688718,-0.0001326672063441947,2.137158155441284,0
