complexity,accuracy,distortion,mse,gNID,eps,beta,run
4.62536124809974,4.336270468040198,0.7754008599323399,2.912051897106929,[0.0010515029163146172],-0.0016256812696737021,1.048948948948949,0
