complexity,accuracy,distortion,mse,gNID,eps,beta,run
1.4988356,1.4699183,2.0108547,170.67911,0.13834089040756226,-0.040494319051504135,0.7685123682022095,0
