complexity,accuracy,distortion,mse,gNID,eps,beta,run
7.750112350055469,6.6206378468376315,0.204029882528248,1.3997940990601236,0.032513032663787245,-0.03857917711138725,2.6897530555725098,0
7.979432188993526,6.7061083351760065,0.118559394189873,1.2104662905913388,0.021384597541034167,-0.024259598925709724,3.0526018142700195,1
7.98538776510647,6.708852282313659,0.1158154470522205,1.204569148087984,0.0219245336115772,-0.025614840909838676,3.085890531539917,2
8.016940630873842,6.717290026335517,0.1073777030303624,1.191447658542507,0.02061024966087177,-0.022825093939900398,3.155797243118286,3
8.040855460659019,6.728817520946739,0.0958502084191401,1.161887906643612,0.018505975854149814,-0.020749669522047043,3.1857571601867676,4
8.043926420521718,6.727407966023305,0.0972597633425742,1.1696472249198535,0.019049836129951037,-0.021097326651215553,3.215717077255249,5
8.083603051842967,6.741505182117855,0.0831625472480244,1.1400258337535774,0.016701172817016663,-0.018192583695054054,3.3089258670806885,6
6.28818330517308,5.504444659003669,1.3202230703622106,3072.3572607666065,0.11661051274577428,0.37814950942993164,1.111861228942871,7
