complexity,accuracy,distortion,mse,run
1.7219280965676609,1.7219280965676609,-2.1532681615532567e-07,,0
