complexity,accuracy,distortion,mse,gNID,eps,beta,run
0.0,0.0,1.7219279,0.66,1.0000000124847437,0.0,1.0519412755966187,0
