complexity,accuracy,distortion,mse,run
0.00013925312376539267,0.00013193222811747063,1.911895690491205,,0
