complexity,accuracy,distortion,mse,gNID,eps,beta,run
0.000139206935187,0.0001318577893725,1.9118957643446777,15.59431454888644,[0.0003761588884042544],3.9061388818776655e-08,0.7193587174348697,0
