complexity,accuracy,distortion,mse,gNID,eps,beta,run
9.6321106e-05,9.1552734e-05,1.9119358,15.5950165,,0.00035594080691225827,0.013328885659575462,0
