complexity,accuracy,distortion,mse,run
7.277805581772343,6.523806628362383,0.3008611010034965,,0
8.20030936424771,6.795637454140785,0.029030275225094826,,1
8.230691478998201,6.801847180214198,0.022820549151681746,,2
8.198063816578347,6.795171672451467,0.029496056914412705,,3
8.223854800932719,6.800473833182757,0.02419389618312273,,4
8.204049503840345,6.7964165454697,0.0282511838961792,,5
8.148658669942686,6.784505816149858,0.04016191321602136,,6
6.726333213221958,6.2762552339921935,0.548412495373686,,7
