complexity,accuracy,distortion,mse,run
6.527535966734314,5.092765774189379,0.018904719890210586,,0
