complexity,accuracy,distortion,mse,gNID,eps,beta,run
0.34684086,0.34480095,3.135972,937.7141,0.300048828125,-0.02248399332165718,0.7057371735572815,0
