complexity,accuracy,distortion,mse,gNID,eps,beta,run
0.34683895,0.3448019,3.135971,937.7141,0.6148514151573181,-0.011930462904274464,0.6831220984458923,0
