complexity,accuracy,distortion,mse,gNID,eps,beta,run
5.8108068,2.7373676,0.74340534,1710.2637,0.08944046497344971,0.01942511275410652,22.116077423095703,0
