complexity,accuracy,distortion,mse,gNID,eps,beta,run
1.4358501,0.24145317,0.17437172,1.2392509,0.3993445038795471,0.1281406730413437,5.0,0
