complexity,accuracy,distortion,mse,gNID,eps,beta,run
6.511855,0.40265846,0.013166428,1.1571014,0.895178996026516,1.111100435256958,5.0,0
