complexity,accuracy,distortion,mse,run
0.0007299937550069302,0.0006916100930931535,1.9113360126262293,,0
