complexity,accuracy,distortion,mse,gNID,eps,beta,run
0.0007325078614304,0.0006938254711492,1.9113337976873988,15.584662767781698,[0.0029920298256559397],4.1322170631859073e-07,0.7232865731462925,0
