complexity,accuracy,distortion,mse,gNID,eps,beta,run
0.0007839203,0.00074481964,1.911283,15.5838585,0.0,7.510281284339726e-05,0.3495463728904724,0
