complexity,accuracy,distortion,mse,gNID,eps,beta,run
1.817174,1.7674389,1.7133341,108.89252,0.006618380546569824,-0.011685284785926342,0.7666332721710205,0
