complexity,accuracy,distortion,mse,gNID,eps,beta,run
3.0064774,2.7302427,0.75053024,27.981297,0.0002263188362121582,0.00041395192965865135,1.0419546365737915,0
