complexity,accuracy,distortion,mse,gNID,eps,beta,run
3.0064573,2.7302303,0.75054264,27.981644,0.0061299800872802734,0.010386409237980843,1.0246831178665161,0
