complexity,accuracy,distortion,mse,gNID,eps,beta,run
3.0064106,2.7302017,0.75057125,27.982586,0.0009461641311645508,0.0015255892649292946,1.0396395921707153,0
