complexity,accuracy,distortion,mse,run
2.9705643130712627,2.909086450284331,2.3027120391795153,,0
