complexity,accuracy,distortion,mse,sender_delta,receiver_delta,min_epsilon,min_beta,run
2.971403769731646,2.9098090094932765,27.21831387588591,21.421674817395036,0.02866827542703,0.0215623009519354,4.257344828873102e-05,1.0971859296482414,0
