complexity,accuracy,distortion,mse,gNID,eps,beta,run
2.8659725,2.839075,2.2725964,23.739761,0.0282440185546875,-0.03150526061654091,0.7390260100364685,0
