complexity,accuracy,distortion,mse,run
4.487830573024226,4.2425718993624955,0.869099428735673,,0
