complexity,accuracy,distortion,mse,gNID,eps,beta,run
4.477696289630886,4.235301280184537,0.8763700478643575,3.3503968216019624,[0.0014031892169892313],-0.0029108674610414573,0.9837837837837838,0
