complexity,accuracy,distortion,mse,gNID,eps,beta,run
7.89669442909954,6.679269816448228,0.1453979129176517,1.2635257439147125,0.024176098976199878,-0.027940725907683372,2.8761708736419678,0
7.884242163057378,6.6637024979904975,0.160965231375382,1.3315830832643232,0.025850524716086065,-0.02685767039656639,2.8761708736419678,1
7.926484093384676,6.681998830584611,0.1426688987812685,1.2842087634763777,0.024134387289932557,-0.026096392422914505,2.956063985824585,2
7.957878414880021,6.695739115160054,0.1289286142058259,1.2425210049172448,0.021882288381628978,-0.023530440405011177,2.9960107803344727,3
7.912445846805426,6.684128524770429,0.1405392045954503,1.253591075545848,0.023206139986758356,-0.026125958189368248,2.896144151687622,4
8.01006090915484,6.717648662360714,0.1070190670051651,1.1866570524133162,0.01995067073300094,-0.022753531113266945,3.1191794872283936,5
7.8992065701221374,6.6783313822991754,0.146336347066704,1.2682622939364063,0.024390252205358953,-0.028078347444534302,2.889486312866211,6
6.804482911861619,6.1564306793704215,0.668237049995458,3.0953840523142357,0.06275021686438553,-0.052720215171575546,1.7909539937973022,7
