complexity,accuracy,distortion,mse,round,run
2.2728841,1.0972733,0.8147545,18.698689,0.0,1.0
1.2029011,0.6068254,1.3052025,7.4749565,1.0,1.0
1.2312398,0.79058886,1.121439,7.432966,2.0,1.0
1.1981798,0.78367084,1.1283569,7.432966,3.0,1.0
1.2014312,0.79123306,1.1207948,7.432966,4.0,1.0
1.2114425,0.7978524,1.1141754,7.432966,5.0,1.0
1.2156103,0.7995474,1.1124805,7.432966,6.0,1.0
