complexity,accuracy,distortion,mse,gNID,eps,beta,run
0.34698486,0.32728004,1.5847478,9.595162,0.061420559883117676,-0.011596549302339554,0.7589993476867676,0
