complexity,accuracy,distortion,mse,run
4.531844217581309,4.273282775994067,0.8383885519765784,,0
