complexity,accuracy,distortion,mse,gNID,eps,beta,run
4.505387926951411,4.248126634480734,0.863544693539227,3.2084941214223925,[0.006486171571340904],-0.0012970331568903507,1.0024024024024025,0
