complexity,accuracy,distortion,mse,run
4.461144893008466,3.327802437276464,0.15297053483046952,,0
