complexity,accuracy,distortion,mse,gNID,eps,beta,run
0.34699297,0.3272872,1.5847406,9.595055,0.06140434741973877,-0.011597177013754845,0.7589993476867676,0
