complexity,accuracy,distortion,mse,gNID,eps,beta,run
0.4887125085630392,0.4576623667606609,1.4543652558383195,7.842357745227484,[0.0011510630055447946],0.0011919793156126995,0.7531663326653306,0
