complexity,accuracy,distortion,mse,gNID,eps,beta,run
0.4887128,0.45897055,1.4530568,7.8423643,0.016748249530792236,-0.010308081284165382,0.7856304049491882,0
