complexity,accuracy,distortion,mse,run
1.3717257867089367,1.1718784320742737,0.7401494037716736,,0
