complexity,accuracy,distortion,mse,run
1.3353010513464945,1.1499200905981626,0.7621075321211599,,0
