complexity,accuracy,distortion,mse,gNID,eps,beta,run
1.3564882,1.1652918,0.74673605,2.6430488,0.0023865699768066406,-0.00832919217646122,1.038625717163086,0
