complexity,accuracy,distortion,mse,gNID,eps,beta,run
1.3590689518643675,1.163993089876457,0.7480345325074849,2.638491306199927,[0.0055276295329361735],0.009762328658492726,0.9930930930930931,0
