complexity,accuracy,distortion,mse,run
4.801087846615015,3.3819623285329303,0.09881064357400327,,0
