complexity,accuracy,distortion,mse,run
2.8901239613579244,1.8263867802520783,0.08564105559386892,,0
