complexity,accuracy,distortion,mse,gNID,eps,beta,run
2.6464202,1.3931913,0.5188365,10.221799,0.12537598609924316,0.06728509813547134,2.816250801086426,0
