complexity,accuracy,distortion,mse,gNID,eps,beta,run
0.3468399,0.34479904,3.135974,937.71423,0.6148497462272644,-0.011926274746656418,0.6831220984458923,0
