complexity,accuracy,distortion,mse,run
5.3879854847827,4.7456446735669235,0.3660258205126663,,0
