complexity,accuracy,distortion,mse,run
4.48783057295485,4.242571899339852,0.8690994285267859,,0
