complexity,accuracy,distortion,mse,gNID,eps,beta,run
6.266573,3.4682388,0.012534142,9.825011,0.022447586059570312,-0.004039038438349962,30.14276123046875,0
