complexity,accuracy
7.943452,7.644232
7.9434586,7.6442347
7.942234,7.6434307
7.9424276,7.6435575
7.943265,7.644105
7.9424114,7.643545
7.9427786,7.6437893
7.94306,7.6439734
