complexity,accuracy,distortion,mse,gNID,eps,beta,run
1.5494579916104136,1.5491600338359,5.27550769552998,1673.799632751251,0.49333053359411627,-0.06631555408239365,0.7157238125801086,0
1.5495479997342816,1.5492499901225134,5.275417739243366,1673.5924166082043,0.4932924992482588,-0.06631547957658768,0.7157238125801086,1
1.5495119248671951,1.5492139377834864,5.275453791582393,1673.6723653471768,0.49330802202987223,-0.06631551682949066,0.7157238125801086,2
1.5494966586417327,1.5491986792375112,5.275469050128368,1673.7094152674672,0.49331441981400215,-0.06631552428007126,0.7157238125801086,3
1.5495547769510267,1.5492567635074153,5.275410965858464,1673.577755458159,0.49328954866652985,-0.06631547957658768,0.7157238125801086,4
1.549396856795216,1.5490989341929424,5.275568795172937,1673.9404105809072,0.4933566596898301,-0.06631560623645782,0.7157238125801086,5
1.5495676591326433,1.5492696449774623,5.275398084388417,1673.530233571166,0.49328510153004423,-0.06631547957658768,0.7157238125801086,6
1.547832501301409,1.5475354623377091,5.27713226702817,1677.6066954218904,0.49401842954599984,-0.06631684303283691,0.7157238125801086,7
