complexity,accuracy,distortion,mse,gNID,eps,beta,run
5.2844048,2.2599354,1.2208376,1526.924,0.17361271381378174,0.047811832278966904,15.797198295593262,0
