complexity,accuracy,distortion,mse,gNID,eps,beta,run
0.0,1.9073486e-06,0.41582298,1.4478853,,-0.00010393728734925389,0.03663108870387077,0
