complexity,accuracy,distortion,mse,gNID,eps,beta,run
1.2940788,1.1000762,0.81195164,2.9791238,0.052938103675842285,-0.00014751403068657964,1.0286390781402588,0
