complexity,accuracy,distortion,mse,run
0.17359880995296706,0.05082118655661816,0.3650037035801006,,0
