complexity,accuracy,distortion,mse,gNID,eps,beta,run
0.2165699,0.054243088,0.3615818,1.3800038,0.03837108612060547,0.016386954113841057,2.4134557247161865,0
