complexity,accuracy,distortion,mse,gNID,eps,beta,run
1.4305115e-06,0.0,1.9120283,16.012989,,1.358795998385176e-05,0.03330220282077789,0
