complexity,accuracy,distortion,mse,run
3.338389823675266,1.8284038691089473,0.0396314473583379,,0
