complexity,accuracy,distortion,mse,gNID,eps,beta,run
6.976919629325549,5.47518930171095,1.3494784276549296,9103.532330155424,,,,0
8.103428481166029,6.561777648463163,0.26289008090271615,2982.7342945668347,,,,1
8.092792942051544,6.555501991090198,0.2691657382756816,1822.1090797630081,,,,2
8.125383508776201,6.5838652338857475,0.240802495480132,2239.4142987130012,,,,3
8.164034680763505,6.622383848053982,0.20228388131189767,1590.7976072834394,,,,4
8.117035341281113,6.580419304193281,0.24424842517259826,2093.200311692438,,,,5
8.079869718817147,6.54164680911984,0.28302092024603986,2402.914768799217,,,,6
2.352271432104496,2.00130974879011,4.82335798057577,13775.584022733728,,,,7
