complexity,accuracy,distortion,mse,gNID,eps,beta,run
0.14299202,0.009565353,0.40625954,1.4252852,0.35840708017349243,0.0517592579126358,2.0406203269958496,0
