complexity,accuracy,distortion,mse,run
6.004812236278264,6.003921559174931,0.6385077926317093,,0
