complexity,accuracy,distortion,mse,gNID,eps,beta,run
5.0858984,0.39575195,0.020072937,1.1626289,0.8551953583955765,0.8272901773452759,5.0,0
