complexity,accuracy,distortion,mse,gNID,eps,beta,run
4.625434807760314,4.336318715270911,0.7753526125546895,2.9118983995559216,[0.0010431962589853017],-0.001601550166360006,1.048948948948949,0
