complexity,accuracy,distortion,mse,run
4.464763750777763,4.226248754198087,0.8854225739000814,,0
