complexity,accuracy,distortion,mse,gNID,eps,beta,run
4.477787835554414,4.235368296232087,0.8763030317651204,3.350124587937633,[0.0013892340986506602],-0.0028859332267349293,0.9837837837837838,0
