complexity,accuracy,distortion,mse,gNID,eps,beta,run
4.624749613445534,4.335853005517368,0.7758183222683943,2.9133461993801477,[0.001122231514949723],-0.0015928865761909831,1.048948948948949,0
