complexity,accuracy,distortion,mse,gNID,eps,beta,run
4.625344041152662,4.33626059986452,0.7754107281674241,2.912057552147619,[0.0010521904383341552],-0.0016326775719017145,1.048948948948949,0
