complexity,accuracy,distortion,mse,gNID,eps,beta,run
1.4968876720050872,1.2521433093994112,0.6598843121352171,2.3363786675800657,[0.00619439866828797],0.012469937266151445,1.0768768768768768,0
