complexity,accuracy,distortion,mse,run
6.284651026468571,5.038364993896256,0.07330550018333426,,0
