complexity,accuracy,distortion,mse,run
6.2838670641818375,3.473423067398379,0.007349904708554789,,0
