complexity,accuracy,distortion,mse,gNID,eps,beta,run
0.08997536,0.089494705,3.3912783,1330.67,0.632804274559021,-0.014208820648491383,0.6831220984458923,0
