complexity,accuracy,distortion,mse,gNID,eps,beta,run
0.08996391,0.089481354,3.3912916,1330.6903,0.30382293462753296,-0.006634422577917576,0.6657904982566833,0
