complexity,accuracy,distortion,mse,trial
1.5055208,1.4926996,2.6325588,41.579464,0
1.5967417,1.5822515,2.543007,36.047638,1
1.6004934,1.5860395,2.539219,35.474373,2
1.5729585,1.5589862,2.5662723,37.159706,3
1.5689921,1.5549221,2.5703363,37.8834,4
1.6056719,1.5909014,2.534357,35.571693,5
1.5394635,1.5259314,2.599327,39.664894,6
1.5300474,1.5166812,2.6085773,40.411488,7
