complexity,accuracy,distortion,mse,gNID,eps,beta,run
0.0,0.0,1.9120283,16.01752,,3.936133907700423e-06,0.11319546401500702,0
