complexity,accuracy,distortion,mse,gNID,eps,beta,run
6.41449,3.295164,0.18560886,114.1763,0.0205804705619812,0.002538930159062147,35.77851867675781,0
