complexity,accuracy,distortion,mse,run
0.0007875781943731397,0.0002446544790437599,0.415580235657675,,0
