complexity,accuracy,distortion,mse,gNID,eps,beta,run
2.426894132507563,2.413068804634378,2.698602523207956,43.27426839590607,[0.000446687344152652],-0.00012134177333406934,0.7083967935871743,0
