complexity,accuracy,distortion,mse,gNID,eps,beta,run
4.477762079400913,4.235350307944403,0.8763210200970306,3.350207365069857,[0.0013943721921209073],-0.0028938291748817255,0.9837837837837838,0
