complexity,accuracy,distortion,mse,gNID,eps,beta,run
5.794359,0.40288544,0.012939453,1.1579953,0.8748868107795715,0.967555820941925,5.0,0
