complexity,accuracy,distortion,mse,gNID,eps,beta,run
2.1672564,2.132412,2.9792585,88.48487,0.217085063457489,-0.013243175111711025,0.7323682308197021,0
