complexity,accuracy,distortion,mse,gNID,eps,beta,run
2.425426259160794,2.4116316053506637,2.700039722786194,43.3213520203397,[0.00022419896716663335],-8.404342839852012e-05,0.7083366733466934,0
