complexity,accuracy,distortion,mse,gNID,eps,beta,run
5.53016,0.40009975,0.015725136,1.1569318,0.8708201348781586,0.915273129940033,5.0,0
