complexity,accuracy,distortion,mse,gNID,eps,beta,run
4.625399735042654,4.3362959120401925,0.7753754159319239,2.911958090054142,[0.0010491267100498636],-0.00161324692649858,1.048948948948949,0
