complexity,accuracy,distortion,mse,gNID,eps,beta,run
3.4833675132109807,2.7624507340359656,0.718322238070968,67.87614210413014,,,,0
