complexity,accuracy,distortion,mse,gNID,eps,beta,run
4.700495,3.3000698,0.18070316,12.153191,0.07229852676391602,-0.03113723173737526,7.172781944274902,0
