complexity,accuracy,distortion,mse,round,run
5.839549,4.3278084,0.78386307,1139.7423,0.0,1.0
0.6707685,0.5025445,4.609127,1458.4833,1.0,1.0
0.8115239,0.6537856,4.4578857,1358.051,2.0,1.0
