complexity,accuracy,distortion,mse,run
6.273383037011127,6.273383037011126,0.3704730115728587,,0
