complexity,accuracy,distortion,mse,gNID,eps,beta,run
0.0,0.0,0.41582775,1.4526374,,0.000286838854663074,0.009999999776482582,0
