complexity,accuracy,distortion,mse,round,run
5.7991276,2.709406,0.7713671,1679.1532,0.0,1.0
9.536743e-07,0.0,3.4807734,1819.3694,1.0,1.0
9.536743e-07,0.0,3.4807734,1635.9467,2.0,1.0
9.536743e-07,0.0,3.4807734,1571.6636,3.0,1.0
9.536743e-07,0.0,3.4807734,1549.2228,4.0,1.0
9.536743e-07,0.0,3.4807734,1541.3923,5.0,1.0
9.536743e-07,0.0,3.4807734,1538.66,6.0,1.0
9.536743e-07,0.0,3.4807734,1537.7068,7.0,1.0
9.536743e-07,0.0,3.4807734,1537.3739,8.0,1.0
9.536743e-07,0.0,3.4807734,1537.2579,9.0,1.0
9.536743e-07,0.0,3.4807734,1537.2173,10.0,1.0
9.536743e-07,0.0,3.4807734,1537.2032,11.0,1.0
9.536743e-07,0.0,3.4807734,1537.1985,12.0,1.0
9.536743e-07,0.0,3.4807734,1537.1968,13.0,1.0
9.536743e-07,0.0,3.4807734,1537.1962,14.0,1.0
9.536743e-07,0.0,3.4807734,1537.1959,15.0,1.0
9.536743e-07,0.0,3.4807734,1537.1958,16.0,1.0
9.536743e-07,0.0,3.4807734,1537.1958,17.0,1.0
9.536743e-07,0.0,3.4807734,1537.1957,18.0,1.0
9.536743e-07,0.0,3.4807734,1537.1958,19.0,1.0
9.536743e-07,0.0,3.4807734,1537.1958,20.0,1.0
9.536743e-07,0.0,3.4807734,1537.1958,21.0,1.0
9.536743e-07,0.0,3.4807734,1537.1958,22.0,1.0
9.536743e-07,0.0,3.4807734,1537.1958,23.0,1.0
9.536743e-07,0.0,3.4807734,1537.1958,24.0,1.0
9.536743e-07,0.0,3.4807734,1537.1957,25.0,1.0
9.536743e-07,0.0,3.4807734,1537.1957,26.0,1.0
9.536743e-07,0.0,3.4807734,1537.1958,27.0,1.0
9.536743e-07,0.0,3.4807734,1537.1957,28.0,1.0
9.536743e-07,0.0,3.4807734,1537.1958,29.0,1.0
9.536743e-07,0.0,3.4807734,1537.1957,30.0,1.0
9.536743e-07,0.0,3.4807734,1537.1957,31.0,1.0
9.536743e-07,0.0,3.4807734,1537.1958,32.0,1.0
9.536743e-07,0.0,3.4807734,1537.1958,33.0,1.0
9.536743e-07,0.0,3.4807734,1537.1957,34.0,1.0
9.536743e-07,0.0,3.4807734,1537.1956,35.0,1.0
