complexity,accuracy,distortion,mse,run
2.428875545349122,2.4150213605232693,2.696649967548966,,0
