complexity,accuracy,distortion,mse,gNID,eps,beta,run
2.426445072719062,2.412627927476029,2.6990434006966506,43.290277121879846,[0.00042970058711988557],-5.229094944755847e-05,0.7083366733466934,0
