complexity,accuracy,distortion,mse,gNID,eps,beta,run
1.9073486e-06,0.0,0.4158249,1.4532064,0.0,5.749504634877667e-05,0.03330220282077789,0
