complexity,accuracy,distortion,mse,gNID,eps,beta,run
4.7683716e-07,0.0,1.9120278,16.354916,-1.0,1.3357055195228895e-06,0.16978652775287628,0
