complexity,accuracy,distortion,mse,gNID,eps,beta,run
2.241579279005668,1.3173880250478964,0.5946398107980508,4.543732847390697,0.21038228273391724,0.10280723869800568,2.0838959217071533,0
