complexity,accuracy,distortion,mse,round,run
2.0143673,0.77884245,1.1331854,7.958683,0.0,1.0
1.6948009,0.8181811,1.0938468,8.93599,1.0,1.0
2.0758548,1.1817622,0.7302656,7.1342707,2.0,1.0
2.2415793,1.317388,0.59463984,4.5437326,3.0,1.0
