complexity,accuracy,distortion,mse,run
3.405478322555231,3.339483056644024,1.7721874374355657,,0
