complexity,accuracy,distortion,mse,run
1.8647729582710326e-08,-9.012876667213732e-09,1.912027844858824,,0
