complexity,accuracy,distortion,mse,round,run
4.7683716e-07,9.536743e-07,1.9120269,16.400515,0.0,1.0
4.7683716e-07,4.7683716e-07,1.9120274,16.354809,1.0,1.0
0.0,9.536743e-07,1.9120269,16.354805,2.0,1.0
