complexity,accuracy,distortion,mse,run
1.2544558657343767,0.5289703521640741,0.09306991959495914,,0
1.3409319250163394,0.5499896389092642,0.07205063284976898,,1
1.2544558657343767,0.5289703521640741,0.09306991959495914,,2
1.3409319250163394,0.5499896389092642,0.07205063284976898,,3
1.2544558657343767,0.5289703521640741,0.09306991959495914,,4
1.3409319250163394,0.5499896389092642,0.07205063284976898,,5
0.619295037367495,0.31352413688602265,0.30851613487301055,,6
0.706123115027562,0.3417798351782948,0.2802604365807384,,7
