complexity,accuracy,distortion,mse,gNID,eps,beta,run
5.8381643,0.40047073,0.0153541565,1.1625179,0.8753202334046364,0.9767996072769165,5.0,0
