complexity,accuracy,distortion,mse,gNID,eps,beta,run
6.4416876,0.21191025,0.20391464,1.4288099,0.9391755275428295,1.1352167129516602,5.0,0
