complexity,accuracy,distortion,mse,gNID,eps,beta,run
2.4464767,1.062696,0.84933186,15.758126,0.23745256662368774,0.14721497893333435,2.64314866065979,0
