complexity,accuracy,distortion,mse,run
4.631318643618993,4.340522606877826,0.7711487209888119,,0
