complexity,accuracy,distortion,mse,gNID,eps,beta,run
4.625366446820941,4.336274406006776,0.7753969220345898,2.9120112417545725,[0.0010509910023055458],-0.0016244793791643636,1.048948948948949,0
