complexity,accuracy,distortion,mse,gNID,eps,beta,run
0.34358025,0.1852417,0.38091278,1204.1757,0.008434951305389404,-0.001721395063214004,1.4347631931304932,0
