complexity,accuracy,distortion,mse,gNID,eps,beta,run
4.47786763798679,4.235426745212321,0.876244582784139,3.349924856292335,[0.0013817909484047375],-0.0028642278699902075,0.9837837837837838,0
