complexity,accuracy,distortion,mse,gNID,eps,beta,run
5.288095,4.6712103,0.4404602,1.7542799,0.018841862678527832,-0.018586602061986923,1.644482970237732,0
