complexity,mse
4.20619,6.115439
3.557273,7.101383
0.0,1666.5015
3.5340557,7.1936383
4.2418976,5.255688
4.611171,6.368022
4.890088,6.8053246
5.168969,5.943385
