complexity,accuracy,distortion,mse,gNID,eps,beta,run
4.470707951304508,4.230173889181509,0.8814974388403067,3.368840789578894,[0.0011618549811749368],0.0020719532033366037,0.9744744744744744,0
