complexity,accuracy,distortion,mse,gNID,eps,beta,run
5.8500156,2.7779665,0.7028065,1827.2312,0.08563518524169922,0.016959741711616516,22.969980239868164,0
