complexity,accuracy,distortion,mse,gNID,eps,beta,run
4.48948,4.2437334,0.8679371,3.313271,0.00040668249130249023,-0.0012707150308415294,0.9554036259651184,0
