complexity,accuracy,distortion,mse,sender_delta,receiver_delta,min_epsilon,min_beta,run
2.186056082840439,2.1672255978813837,16.73769947389852,61.32239719292947,0.077853900415344,0.0180567422146132,6.588288202628666e-05,1.0307035175879398,0
