complexity,accuracy,distortion,mse,gNID,eps,beta,run
5.4870157,3.4301996,0.05057335,10.272141,0.026392877101898193,-0.007433888968080282,14.174782752990723,0
