complexity,accuracy,distortion,mse,gNID,eps,beta,run
0.0,0.0,1.8680358,6.313385,1.0000000227790085,-0.3278614282608032,5.0,0
