complexity,accuracy,distortion,mse,run
3.38709847295444,3.3297946919823254,1.7818766360718303,,0
