complexity,accuracy,distortion,mse,gNID,eps,beta,run
3.3829516880579416,3.3258348150456385,1.785836512849583,11.816866042245271,[0.0003908108941920174],-0.0002478397268202593,0.7541482965931864,0
