complexity,accuracy,distortion,mse,gNID,eps,beta,run
0.34684086,0.3466344,4.765036,934.7001,0.5857029855251312,-0.02548711560666561,0.6924216151237488,0
