complexity,accuracy,distortion,mse,gNID,eps,beta,run
3.876967,3.7382593,1.3734121,7.0543847,0.02798725962056292,0.006836183834820986,0.81891930103302,0
