complexity,accuracy,distortion,mse,gNID,eps,beta,run
0.0,0.0,1.8680353,6.313385,-1.6894006277149907,-8.89474104042165e-05,0.3861640989780426,0
