complexity,accuracy,distortion,mse,gNID,eps,beta,run
6.2689753,6.267999,0.37443018,0.17045525,0.033706724643707275,-0.0001180806357297115,0.7290393710136414,0
