complexity,accuracy,distortion,mse,gNID,eps,beta,run
0.3468399,0.3468418,6.2955875,934.3344,0.8662609308958054,-0.00016667104500811547,0.6657904982566833,0
