complexity,accuracy,distortion,mse,gNID,eps,beta,run
0.045656204,0.014041901,0.401783,1.4342645,0.010135114192962646,-0.0001539934892207384,2.07058048248291,0
