complexity,accuracy,distortion,mse,gNID,eps,beta,run
1.2589369,0.2254343,0.19039059,1.2422333,0.34906280040740967,0.09596141427755356,5.0,0
