complexity,accuracy,distortion,mse,run
3.987935753544866,3.747543475941672,1.2341784900318788,,0
