complexity,accuracy,distortion,mse,gNID,eps,beta,run
3.3949718,2.9607458,0.52002716,20.070751,0.006796896457672119,0.01348052453249693,1.2808538675308228,0
