complexity,accuracy,distortion,mse,run
4.612490292399205,4.328031486060791,0.7836398421049324,,0
