complexity,accuracy,distortion,mse,gNID,eps,beta,run
4.609294034854248,4.32507669414602,0.786594633961009,2.9476702757310984,[0.0007454735807423951],-0.0002322588600152317,1.0396396396396397,0
