complexity,accuracy,distortion,mse,run
5.6181233563475415,4.834964842461165,0.27670565161842475,,0
