complexity,accuracy,distortion,mse,gNID,eps,beta,run
5.491189,4.745618,0.36605263,1.612296,0.023568332195281982,-0.0199139304459095,1.8874917030334473,0
