complexity,accuracy,distortion,mse,gNID,eps,beta,run
4.625364227393959,4.336272933493408,0.7753983946017087,2.912012810325231,[0.0010524788912676941],-0.0016251914845341908,1.048948948948949,0
