complexity,accuracy,distortion,mse,run
6.370188178600024,5.059029191171209,0.05264130290838054,,0
