complexity,accuracy,distortion,mse,gNID,eps,beta,run
6.228753,4.987544,0.12412739,1.1663074,0.02604234218597412,-0.023478131741285324,2.9793663024902344,0
