complexity,accuracy,distortion,mse,run
0.000667671187582819,0.0006325650336993505,1.9113950576856231,,0
