complexity,accuracy,distortion,mse,run
3.06365140406525,1.7725588523472986,0.09547646411998656,,0
