complexity,accuracy,distortion,mse,gNID,eps,beta,run
2.751629,1.2026625,0.66537285,3.6137452,0.1878647138836066,0.08258556574583054,3.1225082874298096,0
