complexity,accuracy,distortion,mse,round,run
2.751629,1.2026625,0.66537285,3.6137452,0.0,1.0
2.751629,1.2026625,0.66537285,3.6137452,1.0,1.0
