complexity,accuracy,distortion,mse,run
6.485830156538024,3.478190067041309,0.00258290506562453,,0
