complexity,accuracy,distortion,mse,gNID,eps,beta,run
6.381692,3.2268152,0.25395775,368.87885,0.024246633052825928,0.004289250820875168,34.32688522338867,0
