complexity,accuracy,distortion,mse,gNID,eps,beta,run
4.1456203,3.1710277,0.3097453,52.41836,0.06846582889556885,-0.036082152277231216,3.4156103134155273,0
