complexity,accuracy,distortion,mse,run
3.981751470745202,3.8525555327994496,1.2591157952430798,,0
