complexity,accuracy,distortion,mse,gNID,eps,beta,run
3.978943451867112,3.850116367187482,1.261554960762716,5.73123713449822,[0.0001016772695392465],-0.00023278337294232375,0.8349397590361447,0
