complexity,accuracy,distortion,mse,run
2.4531562894582652,2.4387822117983173,2.67288911631203,,0
