complexity,accuracy,distortion,mse,gNID,eps,beta,run
1.498908,1.4959526,3.615718,164.06287,0.30264413356781006,-0.05265349522233009,0.7257104516029358,0
