complexity,accuracy,distortion,mse,run
3.9817514706221377,3.852555532747669,1.2591157951189533,,0
