complexity,accuracy,distortion,mse,gNID,eps,beta,run
3.9788250512889967,3.850018318968745,1.261653009161968,5.731734345409517,[0.00011787248733818867],-0.0002571592867471936,0.8349397590361447,0
