complexity,accuracy,distortion,mse,run
4.104082898959549,3.9524972536104332,1.1591740743601981,,0
