complexity,accuracy,distortion,mse,gNID,eps,beta,run
4.435189063532962,4.203246519884544,0.9084248082722316,3.464927895397499,[0.002354072240003946],0.0002424103833495635,0.9651651651651652,0
