complexity,accuracy,distortion,mse,gNID,eps,beta,run
0.3435793,0.1852417,0.38091278,1204.1755,0.008427619934082031,-0.001721395063214004,1.4347631931304932,0
