complexity,accuracy
1.2041821,1.055532
1.2039337,1.0553641
1.2037811,1.0552602
1.2045245,1.0557642
1.2047286,1.0559001
1.2041698,1.0555234
1.2044139,1.0556889
1.2038002,1.055274
