complexity,accuracy
1.2001147,1.0538936
1.2001109,1.0538907
1.2001119,1.0538912
1.1991396,1.0531454
1.1883478,1.0451865
1.200038,1.0538349
1.2001147,1.0538945
1.2000942,1.0538783
