complexity,accuracy,distortion,mse,gNID,eps,beta,run
0.6223751910650961,0.3786438506209597,1.533383508387829,8.998979059384851,0.7305727601051331,0.06038745865225792,1.0086658000946045,0
