complexity,accuracy,distortion,mse,gNID,eps,beta,run
0.3334093,0.33145905,3.149314,955.9573,0.2874184846878052,-0.022612368687987328,0.7057371735572815,0
