complexity,accuracy,distortion,mse,gNID,eps,beta,run
0.33340836,0.33146095,3.149312,955.9573,0.600750744342804,-0.012060295790433884,0.6831220984458923,0
