complexity,accuracy,distortion,mse,gNID,eps,beta,run
1.3445206,1.3227301,2.158043,208.02884,0.20809900760650635,-0.049769069999456406,0.7685123682022095,0
