complexity,accuracy,distortion,mse,gNID,eps,beta,run
1.3582711417674842,1.163492727402757,0.7485348963036227,2.639937608941095,[0.005250466567426115],0.009462812924065471,0.9930930930930931,0
