complexity,accuracy,distortion,mse,gNID,eps,beta,run
6.7965956,0.41139698,0.00442791,1.1551743,0.8913086876273155,1.1663010120391846,5.0,0
