complexity,accuracy,distortion,mse,gNID,eps,beta,run
0.34358025,0.3435793,6.3002768,938.7418,0.8628830164670944,2.8647880299104145e-06,0.6657904982566833,0
