complexity,accuracy,distortion,mse,run
4.178107726890076,4.01090221177367,1.1007682823059195,,0
