complexity,accuracy,distortion,mse,gNID,eps,beta,run
3.978698729175983,3.849914082351832,1.2617572455994797,5.732190366351417,[0.00013051699787614002],-0.00028361096688662757,0.8349397590361447,0
