complexity,accuracy,distortion,mse,gNID,eps,beta,run
4.62543807980431,4.336320356516245,0.775350971486322,2.911898249963956,[0.0010452357361879772],-0.0015999953941475133,1.048948948948949,0
