complexity,accuracy,distortion,mse,gNID,eps,beta,run
4.625366349155801,4.336274310737981,0.7753970172682365,2.9120164560254276,[0.001050606473898097],-0.0016244817107402578,1.048948948948949,0
