complexity,accuracy,distortion,mse,gNID,eps,beta,run
0.3468418,0.18685818,0.3792963,1201.1992,0.008252859115600586,-0.0023488502483814955,1.4414209127426147,0
