complexity,accuracy,distortion,mse,trial
3.1219287,1.7142763,0.19775152,1.6,0
3.121928,1.7142868,0.19774103,1.6000001,1
0.0,1.4305115e-06,1.9120264,16.499998,2
3.1219285,1.7121654,0.199862,2.5,3
3.1219282,1.712028,0.19999933,4.9,4
3.1219287,1.712028,0.20000029,4.9000006,5
3.121924,1.7120233,0.20000458,4.90003,6
2.4464393,1.2475863,0.6644416,9.433332,7
