complexity,accuracy,distortion,mse,run
6.434082472802467,5.073482546957381,0.038187947122208854,,0
