complexity,accuracy,distortion,mse,gNID,eps,beta,run
6.2838573,4.772728,0.33894348,361.5158,0.03312104940414429,0.04739920049905777,3.1757705211639404,0
