complexity,accuracy,distortion,mse,gNID,eps,beta,run
0.3468418,0.32705498,1.5908108,966.5779,0.010571181774139404,-0.008534496650099754,0.755670428276062,0
