complexity,accuracy,distortion,mse,run
5.190863904765729,3.4214755278842244,0.05929744422270922,,0
