complexity,accuracy,distortion,mse,run
1.7186830019843287,1.3535188827023523,0.5585087461439269,,0
1.67474502039276,1.330102261603777,0.5819253672425022,,1
1.7446206024646411,1.371177486520545,0.5408501423257341,,2
1.6455504777761512,1.3051878353810382,0.606839793465241,,3
1.601269839198011,1.2846296448758343,0.6273979839704449,,4
1.7160156386307088,1.3549423699219503,0.5570852589243289,,5
1.6966448550016704,1.347112177409163,0.5649154514371162,,6
1.6143012628838793,1.315400474380386,0.5966271544658932,,7
