complexity,accuracy,distortion,mse,run
1.7581897951979748,1.385808775246482,0.5262188535997971,,0
1.6041890009571107,1.2632019248195334,0.6488257040267458,,1
1.5508424202814837,1.2347236023844275,0.6773040264618517,,2
1.5893910209171302,1.272714451012341,0.6393131778339383,,3
1.6687903983473502,1.329555058958868,0.5824725698874111,,4
1.5677099138395523,1.2649182591775308,0.6471093696687484,,5
1.6410295970182016,1.3153852847497056,0.5966423440965736,,6
1.534733964283702,1.2441693607742295,0.6678582680720497,,7
