complexity,accuracy,distortion,mse,run
1.5115706240788205,1.2633999908018687,0.6486276380444105,,0
1.5230721747402125,1.2693604225020891,0.6426672063441901,,1
1.5183863271062767,1.267131958913656,0.6448956699326232,,2
1.5183863271062767,1.267131958913656,0.6448956699326232,,3
1.5230721747402125,1.2693604225020891,0.6426672063441901,,4
1.5230721747402125,1.2693604225020891,0.6426672063441901,,5
1.5183863271062767,1.267131958913656,0.6448956699326232,,6
1.5002401234222251,1.2562630968481416,0.6557645319981376,,7
