complexity,accuracy,distortion,mse,gNID,eps,beta,run
1.5166115332273034,1.268657508427765,0.6433701229020468,2.312122846677757,0.0011850953804207753,-0.00019423657795414329,1.1151901483535767,0
1.5261075474128312,1.2743577808293205,0.6376698505004912,2.2929674829709885,0.001429653647028184,-0.0017334582516923547,1.1318345069885254,1
1.5207069048220043,1.271115867601481,0.6409117637283304,2.3038623684767146,0.001093200154500984,-0.0014782861107960343,1.1251767873764038,2
1.5206361943209412,1.2710734899928973,0.6409541413369144,2.304002777524943,0.0010300251437808106,-0.001503466977737844,1.1251767873764038,3
1.5261169752859036,1.2743634081060708,0.6376642207402083,2.2929492982500386,0.0014264265458086012,-0.0017300983890891075,1.1318345069885254,4
1.526087652728826,1.2743458661555396,0.6376817651742721,2.293006870554536,0.0014372081536032644,-0.0017405088292434812,1.1318345069885254,5
1.5206657944785649,1.2710913742009795,0.6409362543265482,2.3039423814505713,0.0011087859693292845,-0.0014930530451238155,1.1251767873764038,6
1.5059852079488172,1.2621225859272496,0.6499050454025621,2.3357152590676113,0.0020138487276653017,-0.00010351641685701907,1.1052035093307495,7
