complexity,accuracy,distortion,mse,gNID,eps,beta,run
1.5260929128969982,1.274349010232342,0.6376786210974696,2.2929964566859136,0.0014352377601155597,-0.0017386390827596188,1.1318345069885254,0
1.525958003553332,1.2742680998772444,0.6377595314525673,2.293265038128855,0.0014865129871752814,-0.0017863484099507332,1.1318345069885254,1
1.5261796976977609,1.2744014356026092,0.6376261957272025,2.2928190322425905,0.0014011571547052348,-0.0017082818085327744,1.1318345069885254,2
1.5262199147499542,1.2744254954670282,0.6376021358627835,2.292739640890584,0.0013858893004559114,-0.0016940066125243902,1.1318345069885254,3
1.520672235842408,1.271095125048496,0.640932503814617,2.30393074577392,0.0010161099214932579,-0.0014906611759215593,1.1251767873764038,4
1.520645912818808,1.2710794574180913,0.6409481714450216,2.303982003543471,0.0011163400850704441,-0.0015001310966908932,1.1251767873764038,5
1.5177244944319952,1.2693243452331524,0.6427032812784104,2.309883020893338,0.0016540764432384503,0.00020581093849614263,1.1151901483535767,6
1.506001584657918,1.2621342281244807,0.649893403205331,2.3356689455366784,0.0020257366757492345,-9.923258039634675e-05,1.1052035093307495,7
