complexity,accuracy,distortion,mse,gNID,eps,beta,run
3.006483,2.7302465,0.7505264,27.981201,0.006132543087005615,0.010395715944468975,1.0246831178665161,0
