complexity,accuracy,distortion,mse,run
2.082914357970367e-05,6.46930778103183e-06,0.4158184208289377,,0
