complexity,accuracy,distortion,mse,gNID,eps,beta,run
0.0,0.0,0.4158249,1.452723,0.0,-2.34728377108695e-05,0.8555369973182678,0
