complexity,accuracy
4.6400557,4.3457174
4.6414146,4.3466043
4.642647,4.347411
4.637886,4.3442917
4.64258,4.3473654
4.640766,4.346181
4.638604,4.3447676
4.6405067,4.3460054
