complexity,accuracy,distortion,mse,run
4.649659983420927,4.352583189242434,0.7590881388117214,,0
