complexity,accuracy,distortion,mse,gNID,eps,beta,run
0.9843955,0.9391861,2.5415869,421.36157,0.4481438398361206,-0.019296035170555115,0.7685123682022095,0
