complexity,accuracy,distortion,mse,run
0.34335530952382776,0.18254792206684378,0.38360655791362497,,0
