complexity,accuracy,distortion,mse,gNID,eps,beta,run
0.34358025,0.18524075,0.38091373,1204.1755,0.008420228958129883,-0.0017194009851664305,1.4347631931304932,0
