complexity,accuracy,distortion,mse,gNID,eps,beta,run
1.4943953,1.2549019,0.66296387,237.12805,0.0002478361129760742,-0.0020644834730774164,1.1052035093307495,0
