complexity,mse
2.846438,5.200001
3.1219282,6.4
0.0,16.5
3.1219182,3.6000082
3.3219285,5.138426e-09
2.9219291,9.700001
3.1219296,0.099759184
2.9219253,0.5000136
