complexity,accuracy,distortion,mse,gNID,eps,beta,run
0.0,0.0,0.4158249,1.4518311,,-4.7347028157673776e-05,0.019986657425761223,0
