complexity,accuracy,distortion,mse,run
4.475328620699257,4.233928876833819,0.8777424511801595,,0
