complexity,accuracy,distortion,mse,gNID,eps,beta,run
1.8168821,1.7671967,1.7135763,108.888855,0.013400375843048096,-0.013954399153590202,0.7689859867095947,0
