complexity,accuracy,distortion,mse,gNID,eps,beta,run
1.8167677,1.7670946,1.7136784,108.899155,0.0066432952880859375,-0.01176489982753992,0.7666332721710205,0
