complexity,accuracy,distortion,mse,gNID,eps,beta,run
1.8185177,1.8133488,3.2983227,101.61626,0.20259082317352295,-0.04795735329389572,0.7290393710136414,0
