complexity,accuracy,distortion,mse,gNID,eps,beta,run
5.3903084,3.3277845,0.15298843,16.674068,0.04182201623916626,0.004726547282189131,11.954636573791504,0
