complexity,accuracy,distortion,mse,gNID,eps,beta,run
0.34698486,0.32728052,1.5847473,9.595161,0.06142377853393555,-0.011598434299230576,0.7589993476867676,0
