complexity,accuracy,distortion,mse,run
6.49187873888739,5.085709297158678,0.025961196920912144,,0
