complexity,accuracy,distortion,mse,gNID,eps,beta,run
6.381864,4.851762,0.25990868,213.42378,0.023335397243499756,0.03628537803888321,3.41545033454895,0
