complexity,accuracy,distortion,mse,run
7.824345615858874e-08,1.7822083364649188e-08,5.1116704762575065,,0
