complexity,accuracy
1.4373462,1.218564
1.4845796,1.2487111
1.4845762,1.2487092
1.4373457,1.218564
1.4373462,1.2185645
1.4889393,1.2512956
1.4845786,1.2487116
1.437346,1.2185636
