complexity,accuracy
1.483098,1.2449594
1.4832315,1.2451458
1.4831076,1.244966
1.4879069,1.2481403
1.4829545,1.2449203
1.4831071,1.2449656
1.4879222,1.2481503
1.4832401,1.245152
