complexity,accuracy
1.4930906,1.2538095
1.4980865,1.2570343
0.8478532,0.7614403
1.4932647,1.2541122
1.4948697,1.2550788
1.4980097,1.2569585
1.4936838,1.2543521
1.4949422,1.2551241
