complexity,accuracy,distortion,mse,run
4.429846037876828,4.2008695025260945,0.9108009915534954,,0
