complexity,accuracy,distortion,mse,gNID,eps,beta,run
4.007534,3.7053857,1.4062848,109.64705,0.11533856391906738,0.07878437638282776,0.928772509098053,0
