complexity,accuracy,distortion,mse,gNID,eps,beta,run
4.625353905129279,4.336266359893576,0.7754049681402826,2.912030560203681,[0.0010528441979198444],-0.0016287651858627327,1.048948948948949,0
