complexity,accuracy,distortion,mse,gNID,eps,beta,run
0.3334093,0.3332119,4.7784586,952.9426,0.571313738822937,-0.025502953678369522,0.6924216151237488,0
