complexity,accuracy,distortion,mse,gNID,eps,beta,run
0.0,0.0,0.4158249,1.452638,,5.526035238290206e-07,0.013328885659575462,0
