complexity,accuracy,distortion,mse,gNID,eps,beta,run
1.494359,1.4914284,3.620243,164.91644,0.30266839265823364,-0.05268765985965729,0.7257104516029358,0
