complexity,accuracy,distortion,mse,run
3.9800351825429736,3.8510137377524423,1.2606575901141959,,0
