complexity,accuracy,distortion,mse,gNID,eps,beta,run
3.9789483996437376,3.8501211133210713,1.2615502146495017,5.731205688742136,[0.0001006966355224792],-0.00023254192664020585,0.8349397590361447,0
