complexity,accuracy,distortion,mse,gNID,eps,beta,run
2.861023e-06,9.536743e-07,0.41582394,1.4518365,,7.210204057628289e-05,0.013328885659575462,0
