complexity,accuracy,distortion,mse,run
6.517305192091537,3.47881437850749,0.0019585935994435033,,0
