complexity,accuracy,distortion,mse,run
6.3529459516444176,3.4751980360658603,0.005574936041073286,,0
