complexity,accuracy,distortion,mse,gNID,eps,beta,run
6.194355,3.4650335,0.01573944,9.897484,0.032562196254730225,-0.005267344880849123,28.17878532409668,0
