complexity,accuracy,distortion,mse,gNID,eps,beta,run
0.34684086,0.3468399,6.297016,934.3352,0.8640680462121964,1.4323940149552072e-06,0.6657904982566833,0
