complexity,accuracy,distortion,mse,round,run
2.3709507,1.1176605,0.7943673,16.654697,0.0,1.0
6.198883e-06,5.722046e-06,1.9120221,16.354153,1.0,1.0
4.7683716e-07,0.0,1.9120278,16.354916,2.0,1.0
0.0,0.0,1.9120278,16.354918,3.0,1.0
0.0,0.0,1.9120278,16.354918,4.0,1.0
