complexity,accuracy,distortion,mse,gNID,eps,beta,run
3.2208832947420056,3.175659360998363,1.9360119669323268,14.736093842896851,[0.00017493202577045786],-0.00020632449483017166,0.7413827655310621,0
