complexity,accuracy,distortion,mse,gNID,eps,beta,run
0.9766662792738572,0.8792908186361865,1.0327368043194207,3.9948205785535738,[0.0016373028348372065],0.000552197900362291,0.8530120481927712,0
