complexity,accuracy,distortion,mse,gNID,eps,beta,run
4.7683716e-07,9.536743e-07,1.9120269,16.017084,,-3.7581095966743305e-05,0.013328885659575462,0
