complexity,accuracy,distortion,mse,round,run
1.9688547,0.96870613,0.9433217,17.314903,0.0,1.0
0.004392624,0.004146576,1.9078813,16.052391,1.0,1.0
9.870529e-05,9.2983246e-05,1.9119349,16.017927,2.0,1.0
2.3841858e-06,1.9073486e-06,1.9120259,16.017101,3.0,1.0
0.0,4.7683716e-07,1.9120274,16.017084,4.0,1.0
0.0,0.0,1.9120278,16.017084,5.0,1.0
0.0,4.7683716e-07,1.9120274,16.017082,6.0,1.0
4.7683716e-07,9.536743e-07,1.9120269,16.017084,7.0,1.0
