complexity,accuracy,distortion,mse,gNID,eps,beta,run
2.4271983545064284,2.413366250803021,2.6983050771798816,43.264309944131675,[0.00039097576915247956],-0.00011177678040489226,0.7083967935871743,0
