complexity,accuracy,distortion,mse,gNID,eps,beta,run
9.536743e-07,4.7683716e-07,1.9120269,16.017082,-1.0,4.527610872173682e-05,0.009999999776482582,0
