complexity,accuracy,distortion,mse,run
5.667140364302961,5.666330827501547,0.9760985243050939,,0
