complexity,accuracy,distortion,mse,gNID,eps,beta,run
1.451046,1.2272,0.6848278,2.4193351,0.0015304088592529297,-0.006475704722106457,1.0918879508972168,0
