complexity,accuracy,distortion,mse,gNID,eps,beta,run
3.97887889529162,3.850062483489676,1.2616088445028275,5.731534686959103,[0.00011200077424855515],-0.0002455662729204708,0.8349397590361447,0
