complexity,accuracy,distortion,mse,gNID,eps,beta,run
4.263798953460761,4.067916007353228,1.043755320666646,4.044479002444306,[0.008306967121308184],-0.0008872429316676696,0.9186186186186186,0
