complexity,accuracy,distortion,mse,trial
2.1691675,2.0997524,2.025506,19.227066,0
2.1822028,2.1128788,2.0123796,18.382301,1
2.185193,2.1158233,2.0094342,18.176477,2
2.182291,2.1126652,2.0125933,18.441265,3
2.178841,2.109202,2.0160565,18.671423,4
0.9661169,0.9484949,3.1767635,106.3014,5
0.8356147,0.8182454,3.307013,160.66457,6
0.9693055,0.95195055,3.173308,104.54544,7
