complexity,accuracy,distortion,mse,gNID,eps,beta,run
4.625318924164947,4.336244070167048,0.7754272577302253,2.9120847613195986,[0.001055354990133317],-0.001640864196086411,1.048948948948949,0
