complexity,accuracy,distortion,mse,run
8.347886671897594,6.822415636690325,0.0022520926755547066,,0
8.347886671897594,6.822415636690325,0.0022520926755547066,,1
8.347886671897594,6.822415636690325,0.0022520926755547066,,2
8.347886671897594,6.822415636690325,0.0022520926755547066,,3
0.19227001251058695,0.1881649312339242,6.636502798131955,,4
0.0019428004898323081,0.0018511429027796567,6.8228165864631,,5
0.961412306230855,0.942075617132959,5.882592112232921,,6
3.0518803477062146,3.004381478683131,3.8202862506827486,,7
