complexity,accuracy,distortion,mse,gNID,eps,beta,run
0.0,0.0,6.824667793535708,18149.706491235964,,,,0
6.615081815652957e-10,0.0,6.824667790290212,18149.70648436209,,,,1
0.0,0.0,6.824667800235632,18149.706408489033,,,,2
0.0,0.0,6.824667809149252,18149.706401126223,,,,3
5.130724360924432e-07,4.5010685312263377e-07,6.824667279259026,18149.705030464218,,,,4
0.00037852791261983043,0.0003774760954406986,6.824290253270439,18148.532763336727,,,,5
0.9084207519965517,0.9066945585317896,5.91797317083409,14813.360795644754,,,,6
2.3573969990555863,2.3543147670879954,4.470352962277884,6541.6514480877795,,,,7
