complexity,accuracy,distortion,mse,gNID,eps,beta,run
0.089980125,0.08998108,6.5524483,1328.5609,0.8917870372533798,-6.702780956402421e-05,0.6524749994277954,0
