complexity,accuracy,distortion,mse,gNID,eps,beta,run
2.8553884,1.2822695,0.58576536,3.4725003,0.1549406147361544,0.07191234081983566,3.2490060329437256,0
