complexity,accuracy,distortion,mse,gNID,eps,beta,run
4.4897738,4.2439423,0.86772823,3.3154204,0.00032229262917371493,-0.0011539096012711525,0.9554036259651184,0
