complexity,accuracy,distortion,mse,gNID,eps,beta,run
3.2157643715441147,3.1708558066805734,1.9408155213517049,14.79111376361776,[0.000255970239840031],-0.0002760472990637438,0.7411022044088176,0
