complexity,accuracy,distortion,mse,run
4.3243136959762225,4.12377327507812,0.9878980529644092,,0
