complexity,accuracy,distortion,mse,run
7.458872630650148e-09,-5.470587183253883e-08,6.824667784071751,,0
8.347886671897594,6.822415636690325,0.0022520926755547066,,1
8.347886671897594,6.822415636690325,0.0022520926755547066,,2
0.000656643093794429,0.0006239765120064078,6.824043752853873,,3
0.04526631518190172,0.043925136414419086,6.78074259295146,,4
0.006259298281861447,0.006015667511853451,6.818652061854026,,5
7.85044265263511,6.709456736597675,0.11521099276820479,,6
7.591508576871323,6.632257502446958,0.19241022691892162,,7
