complexity,accuracy,distortion,mse,gNID,eps,beta,run
7.415490443918315e-09,0.0,6.8246677835363005,18149.706410752755,0.4999989215721752,-1.3371407092677146e-08,0.043288860470056534,0
0.0,0.0,6.824667803166205,18149.706442767107,1.0000000014658517,-0.3050942122936249,5.0,1
0.0,0.0,6.8246678014247575,18149.70639155031,1.0000000012542276,-0.3050942122936249,5.0,2
3.212830890220175e-08,0.0,6.824667773804114,18149.706421076306,0.4999933986392747,-8.09069606475532e-05,0.4028085470199585,3
1.861041312878342e-05,7.608928314084551e-06,6.824660120437565,18149.704952700547,0.9999786255429425,-0.002207610523328185,0.6025416851043701,4
0.0134187500668332,0.0055584003905302,6.819109328975349,18148.72096238633,0.7261850503997491,0.014666728675365448,0.5193195343017578,5
4.969358719664205,3.652323441638467,3.1723442877274124,13676.80859265776,0.3949297044798884,0.07117777317762375,2.4733755588531494,6
7.365022675529861,5.950486780416972,0.8741809489489079,6585.385439177419,0.06938323063477858,0.21403296291828156,2.127171516418457,7
