complexity,accuracy,distortion,mse,gNID,eps,beta,run
0.0,0.0,6.824667802892412,18149.706396396105,,,,0
0.0,0.0,6.8246677952682635,18149.70643509896,,,,1
0.0,0.0,6.824667792238598,18149.706355805312,,,,2
1.767194746093992e-08,0.0,6.824667788285629,18149.706385688867,,,,3
1.8617125750353125e-05,7.6229074288391985e-06,6.824660106458451,18149.704874453353,,,,4
0.013299978220196351,0.005550226853042517,6.819117502512837,18148.57132373946,,,,5
5.029157662437504,3.712254916951606,3.1124128124142736,14111.074489889947,,,,6
7.345051624674163,5.934851792178348,0.8898159371875316,7288.225505583616,,,,7
