complexity,accuracy,distortion,mse,gNID,eps,beta,run
2.423842573036163,2.4100433642070715,2.701627963612379,43.42216820704552,[0.0005555376102069909],-0.0009768830063094478,0.7082765531062124,0
