complexity,accuracy,distortion,mse,gNID,eps,beta,run
6.336353,6.336353,0.30750322,0.14000003,0.024092137813568115,-1.218285899849084e-15,0.7290393710136414,0
