complexity,accuracy,distortion,mse,gNID,eps,beta,run
0.29375744,0.2773552,1.6405106,1038.9253,0.014806985855102539,-0.008625170215964317,0.7456837892532349,0
