complexity,accuracy,distortion,mse,run
0.09200790455309438,0.05176338582346318,0.5143910941570056,,0
