complexity,accuracy,distortion,mse,gNID,eps,beta,run
0.08998108,0.051002502,0.515152,1432.9594,0.030541718006134033,-0.001080357120372355,1.1717811822891235,0
