complexity,accuracy,distortion,mse,gNID,eps,beta,run
9.536743e-07,9.536743e-07,6.6424284,1536.5431,-1.520536184310913,6.544146799569717e-06,0.009999999776482582,0
