complexity,accuracy,distortion,mse,run
4.4409285159993885,4.209219938391351,0.9024513897068172,,0
