complexity,accuracy,distortion,mse,gNID,eps,beta,run
4.7683716e-07,0.0,1.9120278,16.017519,,2.717992538237013e-05,0.016657771542668343,0
