complexity,accuracy,distortion,mse,gNID,eps,beta,run
0.33340836,0.18017769,0.3859768,1213.3461,0.008071422576904297,-0.00229724682867527,1.4214476346969604,0
