complexity,accuracy,distortion,mse,gNID,eps,beta,run
0.3334074,0.18017769,0.3859768,1213.3461,0.008079111576080322,-0.002295908285304904,1.4214476346969604,0
