complexity,accuracy,distortion,mse,gNID,eps,beta,run
3.3219283,1.9120283,0.0,0.88595784,0.010752081871032715,0.006245004013180733,5.0,0
