complexity,accuracy,distortion,mse,gNID,eps,beta,run
2.185767,1.4714365,0.44059134,2.7247007,0.14685076475143433,-0.008941631764173508,2.120513677597046,0
