complexity,accuracy,distortion,mse,gNID,eps,beta,run
1.4943419,1.4914131,3.6202574,164.91995,0.30266863107681274,-0.05269160494208336,0.7257104516029358,0
