complexity,accuracy,distortion,mse,gNID,eps,beta,run
3.5467427934622684,2.914501662097397,2.197168831982193,480.09407594554057,0.34951841831207275,0.6900229454040527,0.7789726257324219,0
