complexity,accuracy,distortion,mse,round,run
5.9216967,4.424548,0.68712234,1697.439,0.0,1.0
2.0701082,1.3041295,3.807541,949.14557,1.0,1.0
3.4961398,2.8568616,2.254809,489.22388,2.0,1.0
3.5467427,2.9145017,2.1971688,480.0941,3.0,1.0
