complexity,accuracy,distortion,mse,run
4.593991994006684,4.315856084740446,0.7958152432301855,,0
