complexity,accuracy,distortion,mse,gNID,eps,beta,run
4.620988923497443,4.333297193470283,0.7783741344453237,2.921591279382715,[0.0013496860507861141],0.0031096580816865594,1.0396396396396397,0
