complexity,accuracy,distortion,mse,gNID,eps,beta,run
0.062238693,0.019016266,0.39680862,1.429171,0.01487821340560913,2.167044158341014e-06,2.137158155441284,0
