complexity,accuracy,distortion,mse,run
4.581496870992277,4.3074311858305325,0.8042401421400989,,0
