complexity,accuracy,distortion,mse,gNID,eps,beta,run
4.615354807869237,4.329331457411546,0.7823398705135345,2.934732829095579,[0.0009797026828912703],0.0015048908116174558,1.0396396396396397,0
