complexity,accuracy,distortion,mse,gNID,eps,beta,run
2.6188734050225584,2.600203375522165,2.511467952485079,32.70307046230472,[0.0009502793554763134],-0.00012471495297213065,0.7134468937875751,0
