complexity,accuracy,distortion,mse,gNID,eps,beta,run
2.627983,2.6090717,2.5025997,32.46924,0.060558974742889404,-0.0380706787109375,0.7356971502304077,0
