complexity,accuracy,distortion,mse,run
5.085042046579183,3.4126959583899854,0.06807701371694819,,0
