complexity,accuracy,distortion,mse,round,run
0.48627758,0.17603302,1.7359948,15.770517,0.0,1.0
0.0005273819,0.00049829483,1.9115295,16.011385,1.0,1.0
1.0967255e-05,9.536743e-06,1.9120183,16.013767,2.0,1.0
9.536743e-07,9.536743e-07,1.9120269,16.01382,3.0,1.0
1.4305115e-06,0.0,1.9120283,16.01382,4.0,1.0
0.0,4.7683716e-07,1.9120274,16.013819,5.0,1.0
4.7683716e-07,9.536743e-07,1.9120269,16.013823,6.0,1.0
4.7683716e-07,4.7683716e-07,1.9120274,16.01382,7.0,1.0
