complexity,accuracy,distortion,mse,gNID,eps,beta,run
1.3451624,1.3429432,3.7687273,201.47859,0.3233256936073303,-0.05366931110620499,0.7257104516029358,0
