complexity,accuracy,distortion,mse,gNID,eps,beta,run
0.34684086,0.34663486,4.7650356,934.69995,0.585704118013382,-0.025487802922725677,0.6924216151237488,0
