complexity,accuracy,distortion,mse,run
6.480121496096155,5.083299037001835,0.028371457077755124,,0
