complexity,accuracy,distortion,mse,gNID,eps,beta,run
5.873809,2.7558222,0.7249508,1398.651,0.08169537782669067,0.018959635868668556,22.969980239868164,0
