complexity,accuracy,distortion,mse,gNID,eps,beta,run
0.0,0.0,0.4158249,1.452723,,2.0095647812468087e-07,0.03663108870387077,0
