complexity,accuracy,distortion,mse,gNID,eps,beta,run
5.588434,0.38884163,0.026983261,1.1702302,0.8776947632431984,0.9291799664497375,5.0,0
