complexity,accuracy,distortion,mse,run
6.140890061985863,5.000618020327199,0.11105247375239102,,0
