complexity,accuracy,distortion,mse,gNID,eps,beta,run
5.8414803,4.309746,0.8019247,1011.9508,0.08490699529647827,0.15554893016815186,2.516651153564453,0
