complexity,accuracy,distortion,mse,run
1.4316732688257616e-08,2.7786306588950538e-09,0.4158248873580881,,0
