complexity,accuracy,distortion,mse,gNID,eps,beta,run
1.9073486e-06,9.536743e-07,0.41582394,1.4526377,,0.00019147142302244902,0.009999999776482582,0
