complexity,accuracy,distortion,mse,gNID,eps,beta,run
3.3998623475341248,3.3414599450732716,1.770211382866805,11.673381900064648,[0.00012993951198869702],-9.307468495087927e-05,0.7554108216432865,0
