complexity,accuracy,distortion,mse,gNID,eps,beta,run
3.395832,3.3377857,1.7738848,11.708951,0.004642903804779053,-0.014328227378427982,0.755670428276062,0
