complexity,accuracy,distortion,mse,run
3.203212599319526,1.8939796918651748,0.01804814398077248,,0
