complexity,accuracy,distortion,mse,round,run
2.3982267,1.1042862,0.80774164,14.888622,0.0,1.0
3.6239624e-05,3.385544e-05,1.911994,16.353788,1.0,1.0
4.7683716e-07,0.0,1.9120283,16.354866,2.0,1.0
4.7683716e-07,4.7683716e-07,1.9120274,16.354868,3.0,1.0
9.536743e-07,4.7683716e-07,1.9120274,16.354866,4.0,1.0
