complexity,accuracy,distortion,mse,gNID,eps,beta,run
2.2370644,1.5366607,0.37536716,1.4495893,0.10018646717071533,0.011279935948550701,2.013989210128784,0
