complexity,accuracy,distortion,mse,gNID,eps,beta,run
1.4987402,1.4698286,2.0109444,170.69879,0.13837921619415283,-0.04050300270318985,0.7685123682022095,0
