complexity,accuracy,distortion,mse,gNID,eps,beta,run
0.29375648,0.2773552,1.6405106,1038.9253,0.014826297760009766,-0.008626448921859264,0.7456837892532349,0
