complexity,accuracy,distortion,mse,gNID,eps,beta,run
6.383857,4.851673,0.25999737,233.05304,0.023469209671020508,0.036286860704422,3.4254369735717773,0
