complexity,accuracy,distortion,mse,gNID,eps,beta,run
0.34684086,0.18686008,0.3792944,1201.1992,0.008252859115600586,-0.0023501701653003693,1.4414209127426147,0
