complexity,accuracy,distortion,mse,gNID,eps,beta,run
3.2201245841018995,3.1749503406209207,1.9367209871997204,14.743986325539012,[0.0001809047466150293],-9.548682430715319e-05,0.7412424849699398,0
