complexity,accuracy,distortion,mse,gNID,eps,beta,run
3.9471142775296375,3.8202445735331967,1.291426754403643,5.673771426344798,[0.00411949170345971],-0.0007450513609544225,0.8331325301204819,0
