complexity,accuracy,distortion,mse,gNID,eps,beta,run
3.9713278,3.84091,1.2707605,5.5777903,0.004461348056793213,-0.00022993562743067741,0.8155903816223145,0
