complexity,accuracy
0.043068886,0.043068886
0.04028511,0.040284157
0.054895878,0.054894447
0.015368938,0.015368938
0.049306393,0.04930544
0.08129597,0.08129454
0.03708887,0.03708887
0.065312386,0.065310955
