complexity,accuracy,distortion,mse,run
2.469387355038462,2.3333737230682523,1.1473992490386813,,0
