complexity,accuracy,distortion,mse,run
2.467611299496994,2.331915105144864,1.1488578669620697,,0
