complexity,accuracy,distortion,mse,gNID,eps,beta,run
1.5261745,1.2743979,0.63763,2.278487,0.002053499221801758,-0.0007456650491803885,1.1185190677642822,0
