complexity,accuracy,distortion,mse,run
3.401481656115605,3.3356948860790077,1.7759756080005822,,0
