complexity,accuracy,distortion,mse,gNID,eps,beta,run
2.4259283153164883,2.4121232038161047,2.6995481241881105,43.305243254992966,[0.00032307405050202576],-6.927961155480555e-05,0.7083366733466934,0
