complexity,accuracy
0.29834905482124885,0.0005443935898110652
