complexity,accuracy,distortion,mse,gNID,eps,beta,run
2.4279781186004854,2.414130740434816,2.6975405876243226,43.23760972224717,[0.00024799941452058327],-9.021478194806743e-05,0.7083967935871743,0
