complexity,accuracy,distortion,mse,gNID,eps,beta,run
6.3838577,4.8672934,0.24437714,187.66199,0.023241877555847168,0.03172651305794716,3.4254369735717773,0
