complexity,accuracy,distortion,mse,run
6.524479267681813,6.524479267681813,0.1193767809021713,,0
