complexity,accuracy,distortion,mse,gNID,eps,beta,run
6.6176167,0.2535715,0.16225338,1.3154993,0.9304349347949028,1.1620702743530273,5.0,0
