complexity,accuracy,distortion,mse,run
4.61851718054726,4.332250222308716,0.7794211057894369,,0
