complexity,accuracy,distortion,mse,gNID,eps,beta,run
4.624693091277191,4.335839916449567,0.7758314113869034,2.913194724969069,[0.001123049119674202],-0.0018521987810639466,1.048948948948949,0
