complexity,accuracy,distortion,mse,run
6.1300246018320905,4.9976338553811,0.11403663869849012,,0
