complexity,accuracy,distortion,mse,gNID,eps,beta,run
5.84949,4.4796877,0.63198376,81.20917,0.07314354181289673,0.09496462345123291,2.500006675720215,0
