complexity,accuracy,distortion,mse,run
3.2862124984759706,1.9075350332633496,0.004492802582597655,,0
3.2064734485674533,1.8945514441667726,0.017476391679174696,,1
2.8926300100356555,1.8269692048959438,0.08505863095000343,,2
3.079615648614694,1.8698068175074019,0.04222101833854541,,3
2.6832765326683568,1.7716042030198178,0.14042363282612946,,4
0.6303818527258462,0.581818128553059,1.3302097072928882,,5
2.7953196476392526,1.8021956680407456,0.10983216780520166,,6
1.2753838662801957,1.1036029646649101,0.8084248711810371,,7
