complexity,accuracy,distortion,mse,gNID,eps,beta,run
0.2793754187383079,0.1564432788399594,1.7555840801688296,26.19051789417439,0.7631913721561432,0.12078776955604553,0.7656571269035339,0
