complexity,accuracy
4.6145773,4.329137
4.6164465,4.3303547
4.6157103,4.3298655
4.6162844,4.330244
4.616331,4.330268
4.614381,4.3289948
4.6154594,4.329714
4.6150484,4.329442
