complexity,accuracy
4.616234,4.3299913
4.6170626,4.3305264
4.61716,4.330591
4.615633,4.32959
4.6131544,4.3279448
4.615114,4.3292484
4.6147776,4.3290243
4.6142063,4.3286495
