complexity,accuracy,distortion,mse,gNID,eps,beta,run
0.3469925,0.32728815,1.5847397,9.595055,0.06140434741973877,-0.011598434299230576,0.7589993476867676,0
