complexity,accuracy,distortion,mse,run
0.7151931644246456,0.16149861651575392,0.2543262736209648,,0
