complexity,accuracy,distortion,mse,run
3.219336124653685,3.1742229805181132,1.9374483475922446,,0
