complexity,accuracy,distortion,mse,run
2.830461347460551,1.811300548870837,0.10072728697511035,,0
