complexity,accuracy
0.00019168854,0.00018310547
0.00070858,0.00067424774
0.0004582405,0.000436306
0.0007352829,0.00069999695
0.0007367134,0.00069999695
0.0005912781,0.00056266785
0.00023365021,0.00022268295
0.00032949448,0.00031280518
