complexity,mse
6.3093576,0.15226308
6.2144823,0.22329113
0.0,1666.5018
6.261591,0.19623384
6.173315,0.23092784
6.2541113,0.2508187
6.3475823,0.136765
6.2303257,0.21078762
