complexity,accuracy,distortion,mse,run
6.39629588333821,3.476214946306243,0.004558025800690757,,0
