complexity,accuracy,distortion,mse,gNID,eps,beta,run
6.278366,3.468812,0.011960983,9.815882,0.020655274391174316,-0.0036667471285909414,30.14276123046875,0
