complexity,accuracy,distortion,mse,gNID,eps,beta,run
2.335714,1.579586,0.3324418,1.225004,0.10654723644256592,-0.03854532539844513,2.3601934909820557,0
