complexity,accuracy,distortion,mse,run
0.7147071351500287,0.16142687505589848,0.2543980150808203,,0
