complexity,accuracy,distortion,mse,gNID,eps,beta,run
7.070215,0.29182243,0.12400246,1.4245456,0.9310019314289093,1.2466825246810913,4.993342399597168,0
