complexity,accuracy,distortion,mse,gNID,eps,beta,run
3.2212751639609287,3.176010904637918,1.935660423391207,14.733575656095862,0.19169357518460972,,0.9186186186186186,0
