complexity,accuracy,distortion,mse,run
6.453838495143647,5.077765954723283,0.033904539356306884,,0
