complexity,accuracy,distortion,mse,gNID,eps,beta,run
6.3279057,5.0158033,0.09586716,1.1367582,0.023796439170837402,-0.01968916691839695,3.2490060329437256,0
