complexity,accuracy,distortion,mse,gNID,eps,beta,run
2.9863472,2.7171803,0.7635927,28.475998,0.00013875961303710938,-0.0001697955303825438,1.0319679975509644,0
