complexity,accuracy,distortion,mse,round,run
0.0056357384,0.0025968552,1.909431,16.401896,0.0,1.0
3.4332275e-05,3.0994415e-05,1.9119968,16.0211,1.0,1.0
1.9073486e-06,1.4305115e-06,1.9120264,16.017546,2.0,1.0
4.7683716e-07,4.7683716e-07,1.9120274,16.01752,3.0,1.0
0.0,0.0,1.9120278,16.017519,4.0,1.0
9.536743e-07,0.0,1.9120278,16.017519,5.0,1.0
0.0,0.0,1.9120288,16.017519,6.0,1.0
4.7683716e-07,0.0,1.9120278,16.017519,7.0,1.0
