complexity,accuracy,distortion,mse,sender_delta,receiver_delta,min_epsilon,min_beta,run
3.9819259795785342,3.743176551092949,35.46255250148898,6.674265754209928,9.999796063958476e-05,6.1192932227474e-05,,,0
