complexity,accuracy,distortion,mse,gNID,eps,beta,run
2.4261169559117377,2.412307925476039,2.699363402652656,43.3011938806894,[0.00039732948413440106],-6.374708165730704e-05,0.7083366733466934,0
