complexity,accuracy,distortion,mse,gNID,eps,beta,run
6.4138165,4.8851833,0.22648716,231.17497,0.02023261785507202,0.03049459494650364,3.515316963195801,0
