complexity,accuracy,distortion,mse,sender_delta,receiver_delta,min_epsilon,min_beta,run
3.679490704697475,3.516622070202496,32.25833131490409,9.15332641396722,0.0356513243854175,0.0204635811176327,3.9337476909411864e-05,1.2688442211055277,0
