complexity,accuracy,distortion,mse,gNID,eps,beta,run
1.4987388,1.4698267,2.0109463,170.69908,0.13837957382202148,-0.04050176218152046,0.7685123682022095,0
