complexity,accuracy,distortion,mse,gNID,eps,beta,run
6.1783037,4.966975,0.14469528,1.1837978,0.029043734073638916,-0.026396524161100388,2.899472951889038,0
