complexity,accuracy,distortion,mse,gNID,eps,beta,run
2.9878569,2.7178402,0.7629328,28.436462,0.0011216402053833008,-0.0014352203579619527,1.03529691696167,0
