complexity,accuracy,distortion,mse,gNID,eps,beta,run
2.9948134,2.7225537,0.75821924,28.25238,0.0014799237251281738,-0.002273918827995658,1.0396395921707153,0
