complexity,accuracy,distortion,mse,gNID,eps,beta,run
3.796413786395013,3.5154029798339046,1.5962675142456852,62.278234120705754,0.13046187162399292,0.1136365458369255,0.8721814751625061,0
