complexity,accuracy,distortion,mse,gNID,eps,beta,run
0.088430405,0.026823044,0.38900185,1.4217578,0.011617004871368408,-0.00017102787387557328,2.193749189376831,0
