complexity,accuracy
5.809471,4.291031
5.7363453,4.241061
5.8486595,4.357931
5.781126,4.2558365
5.880575,4.3688135
5.8686447,4.3490543
5.248602,3.7471218
5.8544846,4.3477983
