complexity,accuracy,distortion,mse,run
4.5751888610667155,4.3031595655109545,0.808511762790765,,0
