complexity,accuracy,distortion,mse,gNID,eps,beta,run
2.4252012354837937,2.411410287725653,2.700261040252535,43.33093667235124,[0.00021815608624520255],-8.927543156610065e-05,0.7083366733466934,0
