complexity,accuracy,distortion,mse,gNID,eps,beta,run
4.625249454333668,4.336199802875207,0.7754715252277489,2.9122051238272193,[0.0010632136053785324],-0.0016648906064352228,1.048948948948949,0
