complexity,accuracy,distortion,mse,run
3.076748261920824,1.8691893856800839,0.042838450165863406,,0
