complexity,accuracy,distortion,mse,run
2.9730631318543193,2.911363462387646,2.2941001523243907,,0
