complexity,accuracy,distortion,mse,round,run
0.3524456,0.1574068,1.754621,16.368238,0.0,1.0
2.527237e-05,2.3841858e-05,1.912004,16.354864,1.0,1.0
0.0,0.0,1.9120278,16.354916,2.0,1.0
4.7683716e-07,0.0,1.9120288,16.354918,3.0,1.0
0.0,0.0,1.9120278,16.354918,4.0,1.0
