complexity,accuracy,distortion,mse,gNID,eps,beta,run
0.29375744,0.29375744,6.3500986,1008.083,0.8570555746555328,0.0,0.6657904982566833,0
