complexity,accuracy,distortion,mse,round,run
2.473549,1.2943287,0.61769915,12.63431,0.0,1.0
0.00013065338,0.00012350082,1.9119043,16.352364,1.0,1.0
9.536743e-07,0.0,1.9120283,16.354803,2.0,1.0
0.0,0.0,1.9120278,16.354803,3.0,1.0
0.0,4.7683716e-07,1.9120274,16.354805,4.0,1.0
