complexity,accuracy,distortion,mse,gNID,eps,beta,run
0.1625457145220732,0.1625457145220714,6.481310334061913,889.4999640192837,0.8805746361613274,2.6680417637437717e-15,0.6657904982566833,0
