complexity,accuracy,distortion,mse,round,run
5.9185634,5.918563,0.72529316,1841.1857,0.0,1.0
0.16254571,0.16254571,6.4813104,889.49994,1.0,1.0
