complexity,accuracy
4.06833,3.923522
4.0680065,3.9232588
4.068763,3.9238577
4.068385,3.9235554
4.068424,3.9235926
4.068699,3.923808
4.06835,3.9235344
4.068392,3.9235706
