complexity,accuracy,distortion,mse,gNID,eps,beta,run
2.9219284,1.5824528,0.32957506,2.0246694,0.08205181360244751,0.03915055841207504,3.288952589035034,0
