complexity,accuracy,distortion,mse,round,run
2.315932,1.1117039,0.80032396,16.162058,0.0,1.0
2.1600225,1.0812216,0.83080626,13.399986,1.0,1.0
2.4952083,1.312923,0.5991049,8.099768,2.0,1.0
2.8509786,1.5117168,0.400311,4.2542076,3.0,1.0
2.8643146,1.5229111,0.38911676,3.3207483,4.0,1.0
2.8957934,1.555881,0.3561468,2.3317602,5.0,1.0
2.9209223,1.58144,0.33058786,2.0295558,6.0,1.0
2.9219284,1.5824528,0.32957506,2.0246694,7.0,1.0
