complexity,accuracy,distortion,mse,gNID,eps,beta,run
1.526096492127218,1.2701006986657228,0.641926924888562,2.2786400840985648,[0.005412267043041763],0.012749876940991315,1.0954954954954954,0
