complexity,accuracy,distortion,mse,gNID,eps,beta,run
5.7176666,2.6533566,0.8274164,1566.7484,0.09910714626312256,0.02716737613081932,19.895931243896484,0
