complexity,accuracy,distortion,mse,run
2.4531562897891384,2.4387822123570615,2.672889115944658,,0
