complexity,accuracy,distortion,mse,gNID,eps,beta,run
2.4269919202029673,2.4131640494430755,2.6985072785458613,43.27132349414605,[0.00042963603881429613],-0.00011775218069840327,0.7083967935871743,0
