complexity,accuracy,distortion,mse,gNID,eps,beta,run
3.0849624,1.4889941,0.37904072,2.6869087,0.09535995209770054,0.03421570733189583,3.6950767040252686,0
