complexity,accuracy,distortion,mse,gNID,eps,beta,run
2.0384724,1.0701146,0.8419132,13.101815,0.3135859966278076,0.2178111970424652,1.8009406328201294,0
