complexity,accuracy,distortion,mse,run
4.440928515994784,4.209219938417304,0.9024513896368518,,0
