complexity,accuracy,distortion,mse,gNID,eps,beta,run
4.4530067,4.2172604,0.89441013,3.4104228,0.0009866952896118164,-0.0020360215567052364,0.9420880675315857,0
