complexity,accuracy,distortion,mse,gNID,eps,beta,run
0.0,9.536743e-07,0.41582394,1.4518311,,-2.841587229340803e-05,0.03330220282077789,0
