complexity,accuracy
0.15371847,0.14583015
0.15510654,0.14714432
0.15195322,0.14415598
0.15043068,0.1427226
0.1524911,0.14467144
0.1550932,0.14713287
0.15099096,0.14325142
0.1494999,0.14183187
