complexity,accuracy
0.1440854,0.13671255
0.12262344,0.11639738
0.0,0.0
0.13571072,0.12877941
0.14237642,0.1350851
0.15124512,0.1434946
0.14880896,0.14118004
0.15565586,0.14766455
