complexity,accuracy,distortion,mse,gNID,eps,beta,run
4.642742,3.3585835,0.12218952,11.516613,0.0014783143997192383,0.00028141465736553073,4.440293312072754,0
