complexity,accuracy,distortion,mse,gNID,eps,beta,run
6.2920265,3.4668293,0.013943672,9.847616,0.025486886501312256,-0.0037686065770685673,30.825883865356445,0
