complexity,accuracy,distortion,mse,round,run
0.007062912,0.0008497238,3.4799232,1664.9086,0.0,1.0
0.009953499,0.0017089844,3.479064,1657.7103,1.0,1.0
0.036143303,0.010750771,3.4700222,1649.8134,2.0,1.0
0.18193913,0.07305336,3.4077196,1625.7542,3.0,1.0
0.9774456,0.49776554,2.9830074,1441.2959,4.0,1.0
3.2330341,1.9624233,1.5183496,739.6024,5.0,1.0
4.7234926,2.9882631,0.49250984,220.09644,6.0,1.0
5.2699347,3.291357,0.18941593,85.43678,7.0,1.0
5.5352983,3.3829632,0.09780979,47.088955,8.0,1.0
5.710286,3.4206457,0.06012726,25.68615,9.0,1.0
5.8424716,3.4369698,0.043803215,19.216324,10.0,1.0
5.953026,3.4468927,0.033880234,15.177476,11.0,1.0
6.0478997,3.4555855,0.025187492,12.070896,12.0,1.0
6.1300583,3.4633255,0.017447472,10.1017475,13.0,1.0
6.1985393,3.466792,0.0139808655,9.876616,14.0,1.0
6.2549396,3.4686193,0.0121536255,9.855662,15.0,1.0
6.3008833,3.4700623,0.010710716,9.839024,16.0,1.0
6.3376827,3.4711866,0.009586334,9.825689,17.0,1.0
6.3660817,3.4720154,0.008757591,9.815601,18.0,1.0
6.386491,3.4725704,0.008202553,9.8086405,19.0,1.0
6.400116,3.4729176,0.007855415,9.80408,20.0,1.0
6.4089885,3.473135,0.0076379776,9.800924,21.0,1.0
6.4148865,3.4732828,0.007490158,9.798704,22.0,1.0
6.4187274,3.4733753,0.0073976517,9.797357,23.0,1.0
6.4209986,3.4734259,0.007347107,9.796694,24.0,1.0
6.4222226,3.4734488,0.0073242188,9.7964115,25.0,1.0
6.4228625,3.4734592,0.0073137283,9.796299,26.0,1.0
6.4232063,3.473465,0.0073080063,9.796254,27.0,1.0
6.4234033,3.4734669,0.007306099,9.796236,28.0,1.0
6.423526,3.4734678,0.0073051453,9.796227,29.0,1.0
6.4236097,3.4734707,0.0073022842,9.796225,30.0,1.0
6.423669,3.4734707,0.0073022842,9.796222,31.0,1.0
6.423713,3.4734716,0.0073013306,9.796221,32.0,1.0
6.423746,3.4734716,0.0073013306,9.79622,33.0,1.0
6.4237714,3.4734716,0.0073013306,9.796219,34.0,1.0
6.423792,3.4734726,0.007300377,9.796219,35.0,1.0
6.423807,3.4734726,0.007300377,9.796217,36.0,1.0
6.4238186,3.4734735,0.007299423,9.796218,37.0,1.0
6.4238276,3.4734726,0.007300377,9.796218,38.0,1.0
6.4238343,3.4734735,0.007299423,9.796218,39.0,1.0
6.42384,3.4734735,0.007299423,9.796217,40.0,1.0
6.423843,3.4734726,0.007300377,9.796217,41.0,1.0
6.4238467,3.4734735,0.007299423,9.796217,42.0,1.0
6.423849,3.4734735,0.007299423,9.796217,43.0,1.0
6.42385,3.4734735,0.007299423,9.796217,44.0,1.0
6.423852,3.4734735,0.007299423,9.796217,45.0,1.0
6.423853,3.4734735,0.007299423,9.796217,46.0,1.0
6.423854,3.4734745,0.0072984695,9.796217,47.0,1.0
