complexity,accuracy,distortion,mse,round,run
0.0047135353,0.0019497871,1.910078,16.397213,0.0,1.0
4.7683716e-07,0.0,1.9120278,16.354912,1.0,1.0
4.7683716e-07,0.0,1.9120278,16.354914,2.0,1.0
9.536743e-07,0.0,1.9120278,16.354914,3.0,1.0
