complexity,accuracy,distortion,mse,gNID,eps,beta,run
4.06721,3.9226713,1.1889992,5.178558,0.0013052821159362793,-0.003891900647431612,0.832234799861908,0
