complexity,accuracy
1.6494951,0.0065760612
