complexity,accuracy,distortion,mse,gNID,eps,beta,run
5.7931733,2.733077,0.7476959,1339.82,0.09148824214935303,0.021198928356170654,21.432954788208008,0
