complexity,accuracy,distortion,mse,gNID,eps,beta,run
0.9713106,0.9609518,2.5198212,351.59113,0.3999621272087097,-0.06464540958404541,0.7685123682022095,0
