complexity,accuracy
3.7529173,3.6577568
3.7538395,3.6585617
3.7537823,3.658513
3.752778,3.6576462
3.754115,3.6588106
3.7535648,3.658329
3.753848,3.658578
3.7528925,3.6577463
