complexity,accuracy
3.7526827,3.6575766
3.7525158,3.6574268
3.7530432,3.6578913
3.7531948,3.658022
3.752967,3.6578283
3.7524052,3.6573381
3.7530851,3.6579323
3.7524414,3.6573563
