complexity,accuracy,distortion,mse,run
6.437296655118688,3.4771645455872857,0.003608426519647878,,0
