complexity,accuracy,distortion,mse,round,run
5.346567,2.3532495,1.1275234,1695.1752,0.0,1.0
5.590872,2.5781364,0.9026365,893.30896,1.0,1.0
6.0091166,2.9297895,0.5509834,515.5119,2.0,1.0
6.1501093,3.0632048,0.4175682,372.641,3.0,1.0
6.183554,3.090579,0.39019394,334.3161,4.0,1.0
6.1953454,3.099083,0.38169003,322.355,5.0,1.0
6.2245145,3.1124792,0.36829376,304.14905,6.0,1.0
6.2289824,3.1164246,0.3643484,302.09024,7.0,1.0
6.2291546,3.1165953,0.3641777,302.03476,8.0,1.0
6.2293234,3.116765,0.36400795,301.96716,9.0,1.0
6.229599,3.1170387,0.36373425,301.85645,10.0,1.0
6.230051,3.1174917,0.36328125,301.6712,11.0,1.0
6.230816,3.1182547,0.3625183,301.35144,12.0,1.0
6.232154,3.1195936,0.36117935,300.77313,13.0,1.0
6.234623,3.1220627,0.3587103,299.6687,14.0,1.0
6.2394133,3.126853,0.35391998,297.5578,15.0,1.0
6.2479906,3.1354313,0.34534168,294.7126,16.0,1.0
6.2555447,3.1429834,0.33778954,293.6154,17.0,1.0
6.256418,3.143859,0.33691406,293.57443,18.0,1.0
6.256419,3.143859,0.33691406,293.5744,19.0,1.0
