complexity,accuracy,distortion,mse,gNID,eps,beta,run
2.3739877,1.196557,0.6714778,3.3116674,0.23013829762389693,0.051987893879413605,2.579900026321411,0
