complexity,accuracy,distortion,mse,gNID,eps,beta,run
2.425885662395036,2.4120823071584887,2.699589020721314,43.30717117805039,[0.00034641015336545067],-7.175902946700828e-05,0.7083366733466934,0
