complexity,accuracy,distortion,mse,run
2.1954519895672178,1.5201361519695453,0.34789916449773983,,0
