complexity,accuracy,distortion,mse,gNID,eps,beta,run
2.426104,1.103478,0.8085494,6.767597,0.23954421281814575,0.1488438993692398,2.5432822704315186,0
