complexity,accuracy,distortion,mse,gNID,eps,beta,run
2.8658228,2.8389301,2.2727404,23.743515,0.028282523155212402,-0.031511712819337845,0.7390260100364685,0
