complexity,accuracy,distortion,mse,gNID,eps,beta,run
0.48871422,0.45897055,1.4530573,7.84241,0.01674628257751465,-0.010305654257535934,0.7856304049491882,0
