complexity,accuracy,distortion,mse,gNID,eps,beta,run
4.642523162224675,4.347111534775111,0.7645597932082833,2.869925906006595,[0.001182737230982167],0.0044002052456646,1.048948948948949,0
