complexity,accuracy,distortion,mse,gNID,eps,beta,run
4.6417465,4.347039,0.7646313,2.873411,0.0001132141539006426,0.00020434072939679027,1.015323519706726,0
