complexity,accuracy,distortion,mse,gNID,eps,beta,run
1.1444092e-05,0.0,0.4158249,1.4307323,0.0,0.0008591458899900317,0.013328885659575462,0
