complexity,accuracy,distortion,mse,gNID,eps,beta,run
3.0849435,1.7399354,0.12809944,1.2556827,0.07271941666782222,-0.03332551568746567,3.6884188652038574,0
