complexity,accuracy,distortion,mse,gNID,eps,beta,run
3.22103492496239,3.1757985163321116,1.9358728115962975,14.73477866669936,[0.00015899863192458952],-0.00018949798152935042,0.7413827655310621,0
