complexity,accuracy,distortion,mse,run
3.9451560558355663,3.8220605141962896,1.2896108137743418,,0
