complexity,accuracy,distortion,mse,gNID,eps,beta,run
3.977005487312696,3.8484862201761754,1.2631851079405116,5.739556354643975,[0.0003717370557902999],-0.0006014537338998669,0.8349397590361447,0
