complexity,accuracy,distortion,mse,gNID,eps,beta,run
3.2516294,1.7930803,0.07495499,1.1518843,0.04494522658218414,-0.023217396810650826,4.164449691772461,0
