complexity,accuracy,distortion,mse,run
6.090134640418289,3.4675121257234647,0.013260846383468916,,0
