complexity,accuracy,distortion,mse,trial
1.4947844,1.2550273,0.65700054,1.6247075,0
1.494791,1.2550316,0.65699625,1.6246929,1
0.8478532,0.76144075,1.1505871,4.4162655,2
1.4919229,1.2530608,0.658967,1.6330316,3
1.4949336,1.2551222,0.65690565,1.6243463,4
1.4942117,1.2546506,0.65737677,1.6262577,5
1.4927058,1.2535338,0.658494,1.6312734,6
1.4944177,1.2548084,0.65721893,1.6255223,7
