complexity,accuracy,distortion,mse,trial
1.4949598,1.2551336,0.6568942,1.6243182,0
1.4978223,1.2568579,0.65516996,1.6178688,1
0.8478532,0.76144075,1.1505871,4.4162655,2
1.4984303,1.257225,0.6548028,1.6165082,3
1.4983239,1.2571764,0.65485144,1.6166695,4
1.4980054,1.256969,0.65505886,1.6174599,5
1.4987512,1.2574224,0.6546054,1.6157756,6
1.4977303,1.2568231,0.6552048,1.6179837,7
