complexity,accuracy,distortion,mse,round,run
0.53486013,0.22346783,1.6885595,15.924808,0.0,1.0
0.95526886,0.42348766,1.4885397,12.876597,1.0,1.0
1.8808804,0.86940193,1.0426254,9.712336,2.0,1.0
2.452182,1.1874914,0.72453594,8.263591,3.0,1.0
2.8476682,1.4729314,0.43909597,5.1390123,4.0,1.0
3.0775223,1.6695261,0.24250126,3.231356,5.0,1.0
3.1211123,1.7113776,0.20064974,3.0682685,6.0,1.0
3.1219287,1.7121654,0.199862,3.067153,7.0,1.0
