complexity,accuracy,distortion,mse,gNID,eps,beta,run
9.536743e-07,0.0,0.4158249,1.4518336,0.2078315019607544,4.566131792671513e-06,0.3828352093696594,0
