complexity,accuracy,distortion,mse,run
6.5299735806473675,5.093235294483744,0.01843519959584583,,0
