complexity,accuracy,distortion,mse,gNID,eps,beta,run
6.4438562,4.9116697,0.20000172,246.67558,0.01768624782562256,0.026281043887138367,3.6318278312683105,0
