complexity,accuracy,distortion,mse,round,run
0.69078636,0.11154938,3.3692226,1674.9644,0.0,1.0
1.2594919,0.25131607,3.229456,1572.2556,1.0,1.0
3.8749142,1.3286705,2.1521015,1108.6669,2.0,1.0
5.5361934,2.4856234,0.99514866,633.93475,3.0,1.0
6.1023593,2.988185,0.4925871,421.8532,4.0,1.0
6.3310905,3.1956377,0.28513432,314.29526,5.0,1.0
6.4118295,3.2642183,0.21655369,254.57837,6.0,1.0
6.4410553,3.287712,0.19305992,201.56207,7.0,1.0
6.4566584,3.3026066,0.17816544,174.71895,8.0,1.0
6.463291,3.3092394,0.17153263,166.68137,9.0,1.0
6.4641457,3.3100948,0.17067719,166.25378,10.0,1.0
6.464158,3.3101082,0.17066383,166.25267,11.0,1.0
6.4641714,3.3101196,0.17065239,166.25174,12.0,1.0
6.464184,3.310133,0.17063904,166.25066,13.0,1.0
6.464199,3.3101473,0.17062473,166.24947,14.0,1.0
6.4642143,3.3101635,0.17060852,166.24812,15.0,1.0
6.4642305,3.3101807,0.17059135,166.24663,16.0,1.0
6.4642496,3.3101978,0.17057419,166.24492,17.0,1.0
6.4642696,3.3102188,0.1705532,166.243,18.0,1.0
6.4642916,3.3102417,0.17053032,166.24078,19.0,1.0
6.4643154,3.3102646,0.17050743,166.23825,20.0,1.0
6.464342,3.3102903,0.17048168,166.2353,21.0,1.0
6.4643717,3.3103209,0.17045116,166.23187,22.0,1.0
6.464404,3.3103533,0.17041874,166.22784,23.0,1.0
6.4644403,3.3103886,0.17038345,166.22308,24.0,1.0
6.4644814,3.3104305,0.17034149,166.21735,25.0,1.0
6.464528,3.3104782,0.17029381,166.21042,26.0,1.0
6.4645834,3.3105326,0.17023945,166.20192,27.0,1.0
6.4646454,3.3105946,0.17017746,166.19135,28.0,1.0
6.464718,3.310666,0.17010593,166.17796,29.0,1.0
6.4648046,3.3107548,0.17001724,166.16072,30.0,1.0
6.4649096,3.3108587,0.16991329,166.13802,31.0,1.0
6.4650364,3.3109856,0.16978645,166.1073,32.0,1.0
6.4651966,3.3111458,0.16962624,166.06447,33.0,1.0
6.4654016,3.3113508,0.1694212,166.00241,34.0,1.0
6.4656725,3.3116226,0.1691494,165.90826,35.0,1.0
6.4660482,3.3119974,0.1687746,165.7569,36.0,1.0
6.4665947,3.312543,0.1682291,165.49493,37.0,1.0
6.4674473,3.3133965,0.16737556,164.99829,38.0,1.0
6.4689064,3.3148565,0.16591549,163.95471,39.0,1.0
6.4716845,3.3176336,0.16313839,161.64029,40.0,1.0
6.4770555,3.3230047,0.1577673,157.71045,41.0,1.0
6.4829283,3.3288774,0.15189457,155.51279,42.0,1.0
6.4838543,3.3298025,0.1509695,155.37595,43.0,1.0
6.483856,3.3298044,0.1509676,155.37585,44.0,1.0
