complexity,accuracy,distortion,mse,round,run
0.37409592,0.15690708,1.7551208,16.90278,0.0,1.0
0.7135248,0.3252406,1.5867872,13.757054,1.0,1.0
1.7698064,0.9143195,0.9977083,7.2469664,2.0,1.0
2.562985,1.4285626,0.4834652,3.4363036,3.0,1.0
2.9173913,1.6501551,0.26187277,2.2752776,4.0,1.0
3.1831183,1.8280001,0.08402777,1.1405089,5.0,1.0
3.3161702,1.9101615,0.0018663406,0.8885511,6.0,1.0
3.321927,1.9120288,0.0,0.8859579,7.0,1.0
