complexity,accuracy,distortion,mse,run
2.8753963255348167,1.8226562451353452,0.08937159071060208,,0
