complexity,accuracy,distortion,mse,run
1.6100076901140326,0.733136458216372,0.02086396712237315,,0
1.3751754120183044,0.6764688096110016,0.07753161572774347,,1
1.3751754120183044,0.6764688096110016,0.07753161572774347,,2
1.3751754120183044,0.6764688096110016,0.07753161572774347,,3
1.2389322869745314,0.6423427509184316,0.11165767442031349,,4
1.2478253109688668,0.6442934540087397,0.1097069713300054,,5
1.3751754120183044,0.6764688096110016,0.07753161572774347,,6
1.6100076901140326,0.733136458216372,0.02086396712237315,,7
