complexity,accuracy,distortion,mse,run
2.9315885608398133,2.9315885608398116,3.712267487744173,,0
