complexity,accuracy,distortion,mse,gNID,eps,beta,run
3.978916237272728,3.850093230044971,1.2615780979954856,5.73136653719231,[0.0001059665690460454],-0.0002376670579988208,0.8349397590361447,0
