complexity,accuracy,distortion,mse,sender_delta,receiver_delta,min_epsilon,min_beta,run
3.978605460156493,3.849912415495478,1.2617589124667994,5.7332011834631835,0.0428537021984088,0.0280002185015974,3.2920911768074706e-05,1.2052609368708427,0
