complexity,accuracy,distortion,mse,gNID,eps,beta,run
0.34684086,0.18685818,0.3792963,1201.1998,0.008245646953582764,-0.0023495086934417486,1.4414209127426147,0
