complexity,accuracy,distortion,mse,run
4.581496871127159,4.307431185881171,0.8042401422291761,,0
