complexity,accuracy,distortion,mse,gNID,eps,beta,run
4.624962345285766,4.336013993989615,0.7756573340678887,2.9127571009861923,[0.0010961730656861013],-0.00176146365777087,1.048948948948949,0
