complexity,accuracy,distortion,mse,gNID,eps,beta,run
3.9787633408734657,3.8499671782213465,1.2617041497723935,5.731952775938367,[0.00012382176346636964],-0.0002698184760945552,0.8349397590361447,0
