complexity,accuracy,distortion,mse,run
0.00011837468288433683,3.677034462867823e-05,0.41578811979209007,,0
