complexity,mse
2.183051,32.157326
2.1806688,32.399746
-9.536743e-07,1666.3771
2.1771564,32.62794
2.1832952,32.19247
2.1819658,32.236546
2.184391,32.00219
2.1841192,32.04693
