complexity,accuracy,distortion,mse,gNID,eps,beta,run
4.477748502458468,4.2353389673195725,0.8763323606235627,3.350238906171955,[0.001394752028411883],-0.0028961023375459315,0.9837837837837838,0
