complexity,accuracy,distortion,mse,gNID,eps,beta,run
6.3838563,6.383857,0.25999928,161.4,0.0239601731300354,-6.481432706095802e-07,0.7356971502304077,0
