complexity,accuracy,distortion,mse,gNID,eps,beta,run
2.4269722963716465,2.4131444657689975,2.698526862185327,43.27210123404407,[0.00043631824110967887],-0.00011780887184388941,0.7083967935871743,0
