complexity,accuracy,distortion,mse,gNID,eps,beta,run
0.33340836,0.3334093,6.30902,952.577,0.8613802492618561,-0.00016667104500811547,0.6657904982566833,0
