complexity,accuracy,distortion,mse,gNID,eps,beta,run
4.570867572664498,4.297146611108843,0.8145247168390188,3.0400479455533915,[0.003487449638104323],-0.0036936761652437916,1.0303303303303304,0
