complexity,accuracy,distortion,mse,gNID,eps,beta,run
5.33412199846238,4.462764685318341,0.6489058087612491,117.18981301697995,0.0779123306274414,0.035539355129003525,1.9207805395126343,0
