complexity,accuracy,distortion,mse,gNID,eps,beta,run
3.513379,3.513362,3.1290674,10.608228,0.4176032543182373,-0.000694605172611773,0.7123949527740479,0
