complexity,accuracy,distortion,mse,gNID,eps,beta,run
5.691138,2.6650972,0.81567574,1474.489,0.09814977645874023,0.030930859968066216,18.615076065063477,0
