complexity,accuracy,distortion,mse,gNID,eps,beta,run
0.34684086,0.34684086,6.2955885,934.33527,0.8662546128034592,-0.00016667104500811547,0.6657904982566833,0
