complexity,accuracy,distortion,mse,gNID,eps,beta,run
3.9788704949356326,3.8500550793366894,1.26161624853229,5.731555492047297,[0.00011170688468553625],-0.0002467593259978821,0.8349397590361447,0
