complexity,accuracy,distortion,mse,run
3.9817514708251753,3.852555532874552,1.259115795235795,,0
