complexity,accuracy,distortion,mse,gNID,eps,beta,run
3.978807352728293,3.850004258061521,1.261667070098289,5.731773593857314,[0.00011839464218965645],-0.0002615161037088465,0.8349397590361447,0
