complexity,accuracy,distortion,mse,gNID,eps,beta,run
6.2787566,3.4672022,0.013569832,9.858204,0.02433234453201294,-0.003987790085375309,30.65510368347168,0
