complexity,accuracy,distortion,mse,run
0.06244063037404857,0.018981402236583733,0.396843487900135,,0
