complexity,accuracy,distortion,mse,gNID,eps,beta,run
0.06223774,0.019015312,0.39680958,1.4340612,0.00955861678366221,-0.00011035547504434362,2.137158155441284,0
