complexity,accuracy,distortion,mse,round,run
4.7683716e-07,4.7683716e-07,1.8680344,6.313384,0.0,1.0
0.0,0.0,1.8680353,6.313385,1.0,1.0
0.0,0.0,1.8680353,6.313385,2.0,1.0
