complexity,accuracy,distortion,mse,run
1.7109365609355907,1.3828400093803772,0.52918782646557,,0
