complexity,accuracy,distortion,mse,run
0.06209342044324373,0.01887562439134527,0.3969492657453735,,0
