complexity,accuracy,distortion,mse,gNID,eps,beta,run
0.0,0.0,1.9120278,16.017082,,-1.445583166059805e-06,0.016657771542668343,0
