complexity,accuracy,distortion,mse,sender_delta,receiver_delta,min_epsilon,min_beta,run
2.9721753788675667,2.9105121319117657,29.24841700459814,21.41055145186411,0.0322115854150645,0.0273767133840836,4.2504542826951694e-05,1.0975376884422112,0
