complexity,accuracy,distortion,mse,gNID,eps,beta,run
0.089980125,0.089930534,5.02174,1328.8062,0.6022206544876099,-0.008240598253905773,0.6624616384506226,0
