complexity,accuracy,distortion,mse,gNID,eps,beta,run
6.94289,0.41347313,0.0023517609,1.1542139,0.8928038626909256,1.195144534111023,5.0,0
