complexity,accuracy,distortion,mse,run
2.9730631317719975,2.9113634624124227,2.2941001508876724,,0
