complexity,accuracy,distortion,mse,gNID,eps,beta,run
4.246569259769334,4.042116759001502,1.0695545691701476,4.06993299323165,[0.019387614885256532],0.000661083629339558,0.927927927927928,0
