complexity,accuracy,distortion,mse,run
3.2213671376237514,3.176122115255499,1.9355492126111393,,0
