complexity,accuracy,distortion,mse,gNID,eps,beta,run
0.33340836,0.3144989,1.6033669,984.63806,0.004128873348236084,-0.007884269580245018,0.7523415684700012,0
