complexity,accuracy,distortion,mse,sender_delta,receiver_delta,min_epsilon,min_beta,run
3.675912672254275,3.513733782106734,26.672310769054462,9.17897367075422,0.0635996270529143,0.0954153814058363,0.00010771095186366227,1.2688442211055277,0
