complexity,accuracy,distortion,mse,run
1.5038491924514332,1.2618208314101231,0.6502067909714855,,0
