complexity,accuracy,distortion,mse,gNID,eps,beta,run
1.52609774384132,1.2701014521730247,0.6419261704311818,2.2786376133168895,[0.005411763716083429],0.012750331537846058,1.0954954954954954,0
