complexity,accuracy,distortion,mse,gNID,eps,beta,run
5.716147,2.6379375,0.8428345,1659.2715,0.10152244567871094,0.02392999455332756,20.835224151611328,0
