complexity,accuracy,distortion,mse,run
2.9734425297353795,2.708063213201269,0.7727097589056644,,0
