complexity,mse
2.721929,9.9
3.1219287,0.10000001
0.0,16.500002
3.1219282,8.099999
2.921926,4.500001
2.9219284,4.5
3.1219287,0.4
2.8464222,0.40001497
