complexity,accuracy,distortion,mse,run
4.4612177646382545,4.2239080255846435,0.8877633025810585,,0
