complexity,accuracy,distortion,mse,gNID,eps,beta,run
0.64683723,0.009635925,0.40618896,1.4244407,0.7390060722827911,0.26066404581069946,2.200407028198242,0
