complexity,accuracy,distortion,mse,sender_delta,receiver_delta,min_epsilon,min_beta,run
4.047397936232144,3.7887914164167142,35.26611135699557,6.263956754931022,0.0385440128974487,0.0236160171814733,0.0002011872027679885,1.4517587939698493,0
