complexity,accuracy,distortion,mse,run
0.00023619506529648504,0.0001966742911569952,1.8678386421761282,,0
