complexity,accuracy,distortion,mse,run
-1.0711287856679519e-08,-3.479148169560631e-08,1.912027870637429,,0
