complexity,accuracy,distortion,mse,gNID,eps,beta,run
0.089980125,0.089497566,3.3912745,1330.662,0.632804274559021,-0.014206028543412685,0.6831220984458923,0
