complexity,accuracy,distortion,mse,gNID,eps,beta,run
3.0062885,2.9731617,2.1385088,19.756596,0.0192602276802063,-0.02915298007428646,0.7423549294471741,0
