complexity,accuracy,distortion,mse,gNID,eps,beta,run
3.220993305287964,3.1757610830717695,1.93591024491918,14.7350497362254,[0.00016129560260724762],-0.00019514481683492372,0.7413827655310621,0
