complexity,accuracy
5.438359,3.9198341
5.89464,4.3879776
5.8423367,4.3302393
5.23721,3.7257528
5.7876954,4.272147
5.866213,4.3636093
5.711014,4.1944494
5.891139,4.3672915
