complexity,accuracy,distortion,mse,run
3.980035182661828,3.8510137378082785,1.2606575902342634,,0
