complexity,accuracy,distortion,mse,gNID,eps,beta,run
3.977558158504502,3.848945266266554,1.2627260617716178,5.737358084603091,[0.00030381651573796464],-0.0004893199059665906,0.8349397590361447,0
