complexity,accuracy,distortion,mse,gNID,eps,beta,run
0.30281782,0.28593063,1.6260972,10.1963825,0.026481032371520996,-0.009171996265649796,0.7490126490592957,0
