complexity,accuracy,distortion,mse,run
3.2233925915701516,3.178015692432128,1.9336556355385177,,0
