complexity,accuracy,distortion,mse,gNID,eps,beta,run
6.854927,0.41305923,0.0027656555,1.1543698,0.8916376158595085,1.177634596824646,5.0,0
