complexity,accuracy,distortion,mse,run
9.476445320633076e-05,1.1395651585477395e-05,0.1466393955166274,,0
