complexity,accuracy,distortion,mse,gNID,eps,beta,run
0.0,0.0,0.14665103,0.72295606,-4.92766436367407,-3.0050918212509714e-05,2.76631760597229,0
