complexity,accuracy,distortion,mse,round,run
0.0,0.0,0.14665079,0.72295606,0.0,1.0
0.0,0.0,0.14665079,0.72295606,1.0,1.0
0.0,0.0,0.14665079,0.72295594,2.0,1.0
0.0,0.0,0.14665079,0.72295594,3.0,1.0
0.0,0.0,0.14665103,0.72295606,4.0,1.0
0.0,0.0,0.14665103,0.722956,5.0,1.0
0.0,0.0,0.14665103,0.72295606,6.0,1.0
