complexity,accuracy,distortion,mse,sender_delta,receiver_delta,min_epsilon,min_beta,run
4.127769426543116,3.8429573710422993,38.46224447955269,5.810661123491222,0.0610922426101607,0.0345233667748774,0.0003403434713572723,1.5080402010050251,0
