complexity,accuracy,distortion,mse,round,run
5.4359436e-05,1.5735626e-05,1.9120121,16.398994,0.0,1.0
1.4305115e-06,0.0,1.9120278,16.021309,1.0,1.0
4.7683716e-07,0.0,1.9120283,16.017555,2.0,1.0
0.0,0.0,1.9120278,16.01752,3.0,1.0
4.7683716e-07,0.0,1.9120288,16.01752,4.0,1.0
4.7683716e-07,0.0,1.9120283,16.017519,5.0,1.0
0.0,0.0,1.9120283,16.01752,6.0,1.0
