complexity,accuracy,distortion,mse,run
1.50006914749844,1.2561408282898725,0.6617249248839556,,0
