complexity,accuracy,distortion,mse,sender_delta,receiver_delta,min_epsilon,min_beta,run
2.9731639841836497,2.911415652018489,16.10421619698132,21.39656748453407,0.0553147628332197,0.1429133465277778,3.9732875475785696e-05,1.0975376884422112,0
