complexity,accuracy,distortion,mse,run
6.434016704558774,3.4770844924750364,0.0036884796318972235,,0
