complexity,accuracy,distortion,mse,gNID,eps,beta,run
6.2963066,3.1646519,0.3161211,192.9882,0.033327460289001465,0.005530265159904957,31.594396591186523,0
