complexity,accuracy,distortion,mse,gNID,eps,beta,run
3.0063906,2.97326,2.1384106,19.754179,0.019237995147705078,-0.029147842898964882,0.7423549294471741,0
