complexity,accuracy,distortion,mse,gNID,eps,beta,run
0.0,0.0,1.9120278,16.012987,,-8.701399565325119e-06,0.11319546401500702,0
