complexity,accuracy,distortion,mse,run
3.1183241815513307,1.877737581513033,0.034290254332914216,,0
