complexity,accuracy,distortion,mse,round,run
1.9847934,0.7737155,1.1383123,21.794214,0.0,1.0
2.0464392,0.78369284,1.128335,21.603832,1.0,1.0
