complexity,accuracy,distortion,mse,run
6.534350547995295,3.4791266968432364,0.0016462752636972056,,0
