complexity,accuracy,distortion,mse,run
6.202017382567063,3.4711274356010886,0.009645536505844987,,0
