complexity,accuracy,distortion,mse,run
4.439673421268553,4.208497554046469,0.9031737742552508,,0
