complexity,accuracy,distortion,mse,gNID,eps,beta,run
4.535923958664364,4.270999342503165,0.8406719853978437,3.1297419401399273,[0.005190695462174211],-0.00019685304139833694,1.0117117117117118,0
