accuracy,complexity
3.265157127405303e-15,-1.1402934743495615e-16
3.3004461624664656e-15,2.9634698442158995e-16
3.555694304151593e-15,3.0388503550343915e-16
