complexity,accuracy,distortion,mse,gNID,eps,beta,run
0.34358025,0.3435793,6.29885,938.7419,0.8651066571474075,-0.00016380625311285257,0.6657904982566833,0
