complexity,accuracy,distortion,mse,gNID,eps,beta,run
3.97876155761109,3.849963352250249,1.2617079758872922,5.732024509495605,[0.00012697654086779586],-0.0002673719217674736,0.8349397590361447,0
