complexity,accuracy,distortion,mse,gNID,eps,beta,run
3.978938474609677,3.850111213000229,1.2615601150369926,5.7312839968516665,[0.00010335242013659318],-0.00023257153297760998,0.8349397590361447,0
