complexity,accuracy,distortion,mse,gNID,eps,beta,run
0.31889248,0.08959675,0.32622814,1.3675722,0.01877117156982422,-0.0011727598030120134,2.83622407913208,0
