complexity,accuracy,distortion,mse,gNID,eps,beta,run
1.4839535,1.2492385,0.66278934,2.3669922,0.002664930832278478,-0.007884066551923752,1.101874589920044,0
