complexity,accuracy,distortion,mse,gNID,eps,beta,run
4.066206,3.2320013,0.24877167,13.752155,0.0021056532859802246,0.004838364664465189,2.305536985397339,0
