complexity,accuracy,distortion,mse,run
4.439956803576566,3.3236878681478963,0.1570851039590373,,0
