complexity,accuracy,distortion,mse,gNID,eps,beta,run
4.0494018,3.1003451,0.38042688,17.272236,0.1001049280166626,-0.04776155948638916,3.5010006427764893,0
