complexity,accuracy,distortion,mse,gNID,eps,beta,run
3.1062732,1.8644295,0.047598362,0.9656984,0.025065362453460693,-0.014509867876768112,3.791614294052124,0
