complexity,accuracy,distortion,mse,sender_delta,receiver_delta,min_epsilon,min_beta,run
4.047338275155674,3.788753219343461,35.18379833655243,6.264110008866831,0.036236601274948,0.0222178987654338,0.0001982883910817713,1.4517587939698493,0
