complexity,accuracy,distortion,mse,run
2.453156289788394,2.4387822116847016,2.672889116387516,,0
