complexity,accuracy,distortion,mse,gNID,eps,beta,run
2.427053578252377,2.4132240138843493,2.6984473140653726,43.26948148010118,[0.000423532618155642],-0.0001153613955879291,0.7083967935871743,0
