complexity,accuracy,distortion,mse,round,run
4.7683716e-05,2.002716e-05,1.9120073,16.402958,0.0,1.0
4.7683716e-07,0.0,1.9120274,16.01064,1.0,1.0
4.7683716e-07,4.7683716e-07,1.9120269,16.007252,2.0,1.0
0.0,0.0,1.9120274,16.007223,3.0,1.0
4.7683716e-07,0.0,1.9120283,16.007221,4.0,1.0
0.0,0.0,1.9120283,16.007221,5.0,1.0
