complexity,accuracy,distortion,mse,run
1.317430869029426,1.1346102926732842,0.7774175431726631,,0
