complexity,accuracy,distortion,mse,run
1.4463137080792823,1.2249416180206305,0.687086004698692,,0
