complexity,accuracy,distortion,mse,gNID,eps,beta,run
2.70043188486337,2.3317470806086433,1.1490258914982905,297.98932341461824,0.15096670389175415,0.10061611235141754,1.0246831178665161,0
