complexity,accuracy,distortion,mse,gNID,eps,beta,run
1.49438,1.4656982,2.0150747,171.51999,0.14023810625076294,-0.04080455005168915,0.7685123682022095,0
