complexity,accuracy,distortion,mse,gNID,eps,beta,run
5.8872595,4.7267046,0.3849659,2.7570925,0.04838138818740845,0.02730250544846058,2.4201133251190186,0
