complexity,accuracy,distortion,mse,run
1.1386447340555605e-09,-1.3211618465902575e-09,0.4158248914578806,,0
