complexity,accuracy,distortion,mse,gNID,eps,beta,run
1.9073486e-06,1.9073486e-06,0.41582298,1.452723,0.0,-1.8471347118520498e-08,0.1331687718629837,0
