complexity,accuracy,distortion,mse,gNID,eps,beta,run
2.5661297,0.3223009,0.09352398,1.1977112,0.6733778715133667,0.3380270302295685,5.0,0
