complexity,accuracy,distortion,mse,gNID,eps,beta,run
0.3435793,0.3435793,6.3002768,938.7418,0.8628785461187363,0.0,0.6657904982566833,0
