complexity,accuracy,distortion,mse,gNID,eps,beta,run
6.271709,6.271709,0.37214708,0.17000031,0.03418231010437012,-1.218285899849084e-15,0.7290393710136414,0
