complexity,accuracy,distortion,mse,gNID,eps,beta,run
0.9712992,0.970253,4.1414175,345.96756,0.46138817071914673,-0.05105620622634888,0.7190526723861694,0
