complexity,accuracy,distortion,mse,run
6.41807762833454,3.476710740167535,0.004062231939398586,,0
