complexity,accuracy,distortion,mse,gNID,eps,beta,run
6.3318276,3.4697113,0.011061668,9.815921,0.02089601755142212,-0.0030939679127186537,31.679786682128906,0
