complexity,accuracy,distortion,mse,gNID,eps,beta,run
1.4991074,1.4701738,2.0105991,170.62311,0.13823479413986206,-0.040473222732543945,0.7685123682022095,0
