complexity,accuracy,distortion,mse,gNID,eps,beta,run
0.088430405,0.02682209,0.3890028,1.4217578,0.011429667472839355,-0.00017059314996004105,2.193749189376831,0
