complexity,accuracy,distortion,mse,run
4.256572562639711,4.07236335237792,1.0393079756942978,,0
