complexity,accuracy,distortion,mse,run
6.446802731884392,5.076253494140602,0.03541699993898817,,0
