complexity,accuracy,distortion,mse,run
0.354179540865017,0.329338422780344,1.5885273303934841,,0
