complexity,accuracy,distortion,mse,gNID,eps,beta,run
4.625342565028655,4.3362580841617735,0.7754132438129542,2.912097993433968,[0.0010547333166539552],-0.0016316865893479366,1.048948948948949,0
