complexity,accuracy,distortion,mse,run
2.89289271108742,1.7332228074211304,0.13481250904615472,,0
