complexity,accuracy,distortion,mse,gNID,eps,beta,run
6.3475533,3.470499,0.010273933,9.822584,0.021535754203796387,-0.0029512529727071524,32.36290740966797,0
