complexity,accuracy,distortion,mse,gNID,eps,beta,run
0.088430405,0.026824951,0.38899994,1.4217578,0.011709630489349365,-0.00017189732170663774,2.193749189376831,0
