complexity,accuracy,distortion,mse,run
3.081538883627178,1.870185220217726,0.041842615628221225,,0
