complexity,accuracy,distortion,mse,gNID,eps,beta,run
2.9219217,1.6785278,0.23349953,1.8542092,0.061987459659576416,0.00973199587315321,3.2922816276550293,0
