complexity,accuracy,distortion,mse,gNID,eps,beta,run
2.426966490256264,2.413139104599649,2.69853222351124,43.27182716993047,[0.00044612693828782746],-0.0001184369860449258,0.7083967935871743,0
