comm_cost,complexity
-1.9423486797007582e-16,-1.9220297270854162e-16
1.70840721787742e-16,3.1871496388162627e-16
3.110943109427108e-16,3.215398184598419e-16
