complexity,accuracy,distortion,mse,run
2.859847646176515,2.62998456114315,0.8507884109637835,,0
