complexity,accuracy,distortion,mse,gNID,eps,beta,run
2.8645773,2.6344404,0.84633255,31.905592,0.0007019639015197754,-0.000871950585860759,0.9744744896888733,0
