complexity,accuracy
1.502193,1.2571263
1.5017285,1.2569523
1.5085464,1.2612801
1.5085444,1.2612801
1.5085459,1.2612796
1.5021935,1.2571263
1.5085459,1.2612801
1.5017185,1.2569461
