complexity,accuracy
1.5207233,1.2711258
1.5261598,1.2743897
0.84984016,0.76271677
1.5205798,1.2710443
1.5179935,1.2691855
1.526166,1.2743931
1.5128765,1.2661939
1.5187726,1.2696843
