complexity,accuracy
1.2563982,1.0890765
1.4510462,1.2272005
1.5059953,1.2621298
1.2563982,1.089076
1.5060167,1.2621441
1.2563984,1.0890765
1.2563982,1.0890765
1.5060163,1.2621441
