complexity,accuracy,distortion,mse,gNID,eps,beta,run
9.536743e-07,0.0,0.4158249,1.452723,-2.0,4.808406447409652e-05,0.019986657425761223,0
