complexity,accuracy,distortion,mse,run
3.661451803617547,3.502404023675771,1.6256915810708785,,0
