complexity,accuracy,distortion,mse,run
-1.308969288515982e-08,-5.731376262474441e-09,0.415824895868095,,0
