complexity,accuracy,distortion,mse,run
0.3482893427106717,0.18492002588725676,0.381234454093212,,0
