complexity,accuracy,distortion,mse,gNID,eps,beta,run
4.7683716e-07,0.0,1.9120278,16.354866,,-6.225751576494076e-07,0.039959974586963654,0
