complexity,accuracy,distortion,mse,round,run
5.6266785e-05,2.3841858e-05,1.9120035,16.404522,0.0,1.0
0.0,0.0,1.9120274,16.35487,1.0,1.0
4.7683716e-07,0.0,1.9120278,16.354866,2.0,1.0
