complexity,accuracy,distortion,mse,run
5.280477493368977,4.699312790481123,0.4123577035984667,,0
