complexity,accuracy,distortion,mse,gNID,eps,beta,run
5.1679363,4.5815363,0.5301342,2.1310315,0.02553015947341919,0.0034488667733967304,1.5179853439331055,0
