complexity,accuracy,distortion,mse,run
4.49171834513634,4.244965380075982,0.866705114003608,,0
4.49171834513634,4.244965380075982,0.866705114003608,,1
4.49171834513634,4.244965380075982,0.866705114003608,,2
4.49171834513634,4.244965380075982,0.866705114003608,,3
4.49171834513634,4.244965380075982,0.866705114003608,,4
4.49171834513634,4.244965380075982,0.866705114003608,,5
4.49171834513634,4.244965380075982,0.866705114003608,,6
4.49171834513634,4.244965380075982,0.866705114003608,,7
