complexity,accuracy,distortion,mse,gNID,eps,beta,run
0.3468399,0.32705307,1.5908127,966.57874,0.010578393936157227,-0.008534496650099754,0.755670428276062,0
