complexity,accuracy,distortion,mse,gNID,eps,beta,run
6.356307,4.8241215,0.28754902,251.4788,0.02613508701324463,0.04097488150000572,3.348872661590576,0
