complexity,accuracy,distortion,mse,run
1.5172662121139284,1.2674851741730269,0.6445426616729204,,0
1.7560434488341734,1.4072474392378789,0.5047803966080684,,1
2.1517965838580144,1.5937201557502094,0.31830768009573784,,2
2.8141777558498053,1.807106315454421,0.10492152039152636,,3
2.874958665468325,1.822506077267846,0.08952175857810118,,4
2.7758216571469942,1.7970541621044536,0.1149736737414937,,5
2.7653795897465483,1.7942046016734432,0.11782323417250407,,6
2.6900769795112756,1.7736195858547354,0.13840824999121182,,7
