complexity,accuracy,distortion,mse,round,run
2.1887221,0.8728466,0.9951887,4.3384953,0.0,1.0
0.00058698654,0.0004892349,1.8675461,6.311264,1.0,1.0
4.7683716e-07,9.536743e-07,1.8680344,6.313383,2.0,1.0
0.0,9.536743e-07,1.8680344,6.313385,3.0,1.0
0.0,4.7683716e-07,1.8680348,6.313385,4.0,1.0
