complexity,accuracy,distortion,mse,trial
0.13881254,0.13171291,1.7803149,13.538722,0
0.10389614,0.09863949,1.8133883,14.261737,1
0.0,0.0,1.9120278,16.5,2
0.12595558,0.11953592,1.7924919,13.805747,3
0.1498084,0.14212656,1.7699013,13.310391,4
0.152668,0.14483833,1.7671895,13.249266,5
0.14883518,0.14120674,1.7708211,13.330219,6
0.15006638,0.1423688,1.769659,13.305776,7
