complexity,accuracy,distortion,mse,gNID,eps,beta,run
1.3448048,1.3230038,2.1577692,207.96631,0.20796823501586914,-0.04975542053580284,0.7685123682022095,0
