complexity,accuracy,distortion,mse,gNID,eps,beta,run
0.9713068,0.9702625,4.141408,345.965,0.4613862633705139,-0.05105753242969513,0.7190526723861694,0
