complexity,accuracy,distortion,mse,gNID,eps,beta,run
3.4452438,2.9176846,0.5630884,21.706018,0.03611958026885986,0.01532835979014635,1.451634407043457,0
