complexity,accuracy,distortion,mse,gNID,eps,beta,run
3.3970194,2.9615374,0.5192356,20.066628,0.006946265697479248,0.014461856335401535,1.2808538675308228,0
