complexity,accuracy,distortion,mse,sender_delta,receiver_delta,min_epsilon,min_beta,run
2.9721374729340475,2.910480794642245,30.66602733863883,21.410669636218564,0.0308956543778891,0.0219489140990151,3.930388408723829e-05,1.0975376884422112,0
