complexity,accuracy,distortion,mse,gNID,eps,beta,run
3.1204531,1.7757354,0.13629246,1.191548,0.036409199237823486,0.00870558712631464,3.908125400543213,0
