complexity,accuracy,distortion,mse,gNID,eps,beta,run
4.625347476904199,4.336261529462561,0.7754097985409825,2.912076450294368,[0.0010533138017762012],-0.001630288468097992,1.048948948948949,0
