complexity,accuracy,distortion,mse,gNID,eps,beta,run
9.536743e-07,0.0,3.480773,1537.1953,-0.5123217105865479,9.844128362601623e-05,0.009999999776482582,0
