complexity,accuracy,distortion,mse,round,run
5.9185634,2.8253374,0.65543556,1848.0032,0.0,1.0
9.536743e-07,0.0,3.480773,1291.4824,1.0,1.0
9.536743e-07,0.0,3.480773,1450.6516,2.0,1.0
9.536743e-07,0.0,3.480773,1506.9678,3.0,1.0
9.536743e-07,0.0,3.480773,1526.6469,4.0,1.0
9.536743e-07,0.0,3.480773,1533.5149,5.0,1.0
9.536743e-07,0.0,3.480773,1535.9111,6.0,1.0
9.536743e-07,0.0,3.480773,1536.7474,7.0,1.0
9.536743e-07,0.0,3.480773,1537.0388,8.0,1.0
9.536743e-07,0.0,3.480773,1537.1409,9.0,1.0
9.536743e-07,0.0,3.480773,1537.1763,10.0,1.0
9.536743e-07,0.0,3.480773,1537.1887,11.0,1.0
9.536743e-07,0.0,3.480773,1537.1931,12.0,1.0
9.536743e-07,0.0,3.480773,1537.1947,13.0,1.0
9.536743e-07,0.0,3.480773,1537.1951,14.0,1.0
9.536743e-07,0.0,3.480773,1537.1954,15.0,1.0
9.536743e-07,0.0,3.480773,1537.1954,16.0,1.0
9.536743e-07,0.0,3.480773,1537.1953,17.0,1.0
9.536743e-07,0.0,3.480773,1537.1953,18.0,1.0
9.536743e-07,0.0,3.480773,1537.1954,19.0,1.0
9.536743e-07,0.0,3.480773,1537.1954,20.0,1.0
9.536743e-07,0.0,3.480773,1537.1954,21.0,1.0
9.536743e-07,0.0,3.480773,1537.1953,22.0,1.0
9.536743e-07,0.0,3.480773,1537.1954,23.0,1.0
9.536743e-07,0.0,3.480773,1537.1953,24.0,1.0
9.536743e-07,0.0,3.480773,1537.1953,25.0,1.0
9.536743e-07,0.0,3.480773,1537.1954,26.0,1.0
9.536743e-07,0.0,3.480773,1537.1953,27.0,1.0
9.536743e-07,0.0,3.480773,1537.1952,28.0,1.0
9.536743e-07,0.0,3.480773,1537.1954,29.0,1.0
9.536743e-07,0.0,3.480773,1537.1954,30.0,1.0
9.536743e-07,0.0,3.480773,1537.1953,31.0,1.0
9.536743e-07,0.0,3.480773,1537.1952,32.0,1.0
9.536743e-07,0.0,3.480773,1537.1954,33.0,1.0
9.536743e-07,0.0,3.480773,1537.1953,34.0,1.0
9.536743e-07,0.0,3.480773,1537.1953,35.0,1.0
