complexity,accuracy,distortion,mse,gNID,eps,beta,run
0.3468399,0.34480286,3.1359692,937.71326,0.6148598492145538,-0.011930462904274464,0.6831220984458923,0
