complexity,accuracy,distortion,mse,gNID,eps,beta,run
0.3468418,0.3448019,3.135971,937.71326,0.300048828125,-0.02248399332165718,0.7057371735572815,0
