complexity,accuracy,distortion,mse,gNID,eps,beta,run
2.4564972,2.324482,1.156291,49.254143,0.0012864470481872559,-0.004687394481152296,0.8530120253562927,0
