complexity,accuracy,distortion,mse,run
3.6800523385782267,3.5171039913927125,1.6020314646258464,,0
