complexity,accuracy,distortion,mse,sender_delta,receiver_delta,min_epsilon,min_beta,run
3.678852564193459,3.516114856331379,34.35683381022382,9.157524250253363,0.0449666304741683,0.0243248946320658,4.3620487476862823e-05,1.2688442211055277,0
