complexity,accuracy,distortion,mse,gNID,eps,beta,run
0.0608935922253941,0.0363617029262393,5.0753087911533505,2555.998811560936,0.9360253438353539,0.018597913905978203,0.6791060566902161,0
