complexity,accuracy,distortion,mse,gNID,eps,beta,run
1.344923,1.3427067,3.7689638,201.53174,0.3234718441963196,-0.0536719411611557,0.7257104516029358,0
