complexity,accuracy,distortion,mse,gNID,eps,beta,run
4.7683716e-07,0.0,1.9120278,16.01752,,3.6824280869041104e-06,0.11985323578119278,0
