complexity,accuracy,distortion,mse,gNID,eps,beta,run
1.3443356,1.3421192,3.7695513,201.66376,0.3238371014595032,-0.05367325618863106,0.7257104516029358,0
