complexity,accuracy,distortion,mse,run
4.085117786623016e-05,3.7312740762907026e-05,1.9119905231051844,,0
