complexity,accuracy,distortion,mse,round,run
2.09288,1.123158,0.78886986,12.458306,0.0,1.0
9.1552734e-05,8.678436e-05,1.911941,16.352694,1.0,1.0
4.7683716e-07,0.0,1.9120283,16.354916,2.0,1.0
0.0,0.0,1.9120283,16.354918,3.0,1.0
0.0,0.0,1.9120283,16.35492,4.0,1.0
