complexity,accuracy,distortion,mse,gNID,eps,beta,run
0.9713001,0.97025585,4.1414156,345.96704,0.46138906478881836,-0.05105753242969513,0.7190526723861694,0
