complexity,accuracy,distortion,mse,sender_delta,receiver_delta,min_epsilon,min_beta,run
4.127742482508856,3.8429462082752384,33.29000768418602,5.810714956991173,0.0358057623753307,0.0242773149538698,0.0003336391260927257,1.5080402010050251,0
