complexity,accuracy,distortion,mse,gNID,eps,beta,run
3.2193175397882428,3.174178259128986,1.9374930689519303,14.754081903621556,[0.00012003872773602708],-0.00014265477062124884,0.7412424849699398,0
