complexity,accuracy,distortion,mse,run
1.5038491940652614,1.261820833469038,0.6502067906928142,,0
