complexity,accuracy,distortion,mse,run
6.368426099346161,3.47551306912162,0.005259902985313758,,0
