complexity,accuracy,distortion,mse,gNID,eps,beta,run
4.468909907665642,4.220236514356699,0.8914348136349464,3.3080360905399746,[0.007953627510071115],-0.003287717651625351,0.9930930930930931,0
