complexity,accuracy,distortion,mse,run
4.464763750704069,4.226248754172106,0.885422573694532,,0
