complexity,accuracy,distortion,mse,gNID,eps,beta,run
0.0,9.536743e-07,0.41582394,1.4480036,,3.206314067938365e-05,0.029973315075039864,0
