complexity,accuracy,distortion,mse,gNID,eps,beta,run
0.0,0.0,0.4158268,1.451835,,0.00019147142302244902,0.009999999776482582,0
