complexity,accuracy,distortion,mse,run
2.473615149996922,2.3368402422082575,1.1439327298986761,,0
