complexity,accuracy,distortion,mse,gNID,eps,beta,run
2.4562998,2.3243265,1.1564465,49.26008,0.0013247132301330566,-0.0047377049922943115,0.8530120253562927,0
