complexity,accuracy,distortion,mse,gNID,eps,beta,run
4.611915406990267,4.326884646516176,0.7847866814144213,2.9425864778658304,[0.0008148352884942422],0.0005501465678893228,1.0396396396396397,0
