complexity,accuracy,distortion,mse,gNID,eps,beta,run
0.4274667692371707,0.1432912582217067,3.3374807602109104,1155.8052548940193,0.9350942075252533,-0.0803464949131012,33.72915267944336,0
