complexity,accuracy,distortion,mse,round,run
6.003895,2.970251,0.5105219,1887.1423,0.0,1.0
0.64385515,0.25611115,3.2246618,855.13947,1.0,1.0
