complexity,accuracy,distortion,mse,gNID,eps,beta,run
4.625332625195023,4.336252673818878,0.775418654153361,2.912111771427022,[0.0010545082626037816],-0.0016360046829471766,1.048948948948949,0
