complexity,accuracy,distortion,mse,gNID,eps,beta,run
3.8146973e-06,0.0,0.4158268,1.452723,0.0,4.78257643408142e-05,0.07990660518407822,0
