complexity,accuracy,distortion,mse,gNID,eps,beta,run
1.0530190399649086e-06,9.97612786157731e-07,1.912026625547127,15.596563119129724,[0.004009163802978222],-1.8676445794118294e-11,0.7156713426853707,0
