complexity,accuracy,distortion,mse,gNID,eps,beta,run
3.2515852,1.7774119,0.09062338,1.2112849,0.051164879605723024,-0.019465457648038864,4.164449691772461,0
