complexity,accuracy,distortion,mse,run
-1.0633914193647342e-08,-3.472142307003878e-08,1.9120278705673703,,0
