complexity,accuracy,distortion,mse,round,run
2.6464386,1.5326047,0.37942314,17.20661,0.0,1.0
8.201599e-05,7.772446e-05,1.9119501,16.353516,1.0,1.0
4.7683716e-07,0.0,1.9120283,16.354805,2.0,1.0
4.7683716e-07,0.0,1.9120278,16.354805,3.0,1.0
4.7683716e-07,0.0,1.9120278,16.354805,4.0,1.0
