complexity,accuracy,distortion,mse,gNID,eps,beta,run
0.0,0.0,1.9120274,15.307893,,1.358795998385176e-05,0.03330220282077789,0
