complexity,accuracy,distortion,mse,run
-1.0747184475690119e-08,-3.4823235850467427e-08,1.9120278706691831,,0
