complexity,accuracy,distortion,mse,round,run
0.0073480606,0.0025815964,1.9094462,16.361578,0.0,1.0
1.9550323e-05,1.8119812e-05,1.9120097,16.010098,1.0,1.0
9.536743e-07,4.7683716e-07,1.9120274,16.007242,2.0,1.0
0.0,0.0,1.9120278,16.007223,3.0,1.0
9.536743e-07,0.0,1.9120283,16.007221,4.0,1.0
0.0,4.7683716e-07,1.9120274,16.007221,5.0,1.0
0.0,0.0,1.9120278,16.007223,6.0,1.0
