complexity,accuracy,distortion,mse,round,run
0.47050238,0.1514349,1.7166004,6.015277,0.0,1.0
8.249283e-05,6.914139e-05,1.8679662,6.3130875,1.0,1.0
0.0,4.7683716e-07,1.8680348,6.313385,2.0,1.0
0.0,0.0,1.8680353,6.313385,3.0,1.0
0.0,4.7683716e-07,1.8680348,6.313385,4.0,1.0
