complexity,accuracy,distortion,mse,run
8.04272397690598,6.759751259587148,0.06491646977873167,,0
8.112495398630209,6.776323284738675,0.04834444462720455,,1
8.131267582392427,6.780610715804169,0.044057013561710434,,2
8.136527652118328,6.781791299347574,0.0428764300183051,,3
8.132366406660353,6.780859958672119,0.04380777069376052,,4
8.19188870004914,6.793871353975014,0.03079637539086555,,5
8.187101659746348,6.792857025428251,0.031810703937628304,,6
7.858924247411334,6.711807532475877,0.11286019689000248,,7
