complexity,accuracy,distortion,mse,gNID,eps,beta,run
7.837477062493823,6.659022271846405,0.1656454575194743,1.3050929011253034,0.029181473362196342,-0.036937788128852844,2.829566478729248,0
7.955518628389672,6.698576268826853,0.1260914605390262,1.2246270458384243,0.02262925851219466,-0.02632807195186615,3.009326219558716,1
7.987125107645859,6.708221569055315,0.1164461603105646,1.2084004711995129,0.02133168102840688,-0.02340354397892952,3.0659172534942627,2
7.989419253853349,6.711390090414483,0.1132776389513967,1.1974986956202511,0.021456538769395572,-0.024884236976504326,3.082561731338501,3
7.988209392291568,6.708241351783311,0.1164263775825684,149.1922275008974,0.02117106680118952,-0.02330813743174076,3.0692460536956787,4
8.075859567336332,6.7392180753043895,0.0854496540614899,1.1436517638610528,0.017066003301019705,-0.01868012174963951,3.285623788833618,5
8.065105047183504,6.7322275388295605,0.092440190536319,1.1634345443248884,0.01788979142654079,-0.018791699782013893,3.265650510787964,6
4.603558519174818,3.394827705280356,3.4298400240855234,11260.211545901306,0.4440289972599776,0.024777542799711227,2.4866912364959717,7
