complexity,accuracy,distortion,mse,gNID,eps,beta,run
0.0,0.0,1.8680353,6.313385,-7.626378895981572,-8.647780487081036e-05,0.3861640989780426,0
