complexity,accuracy,distortion,mse,gNID,eps,beta,run
3.2209297133533585,3.175702410872855,1.935968917203432,14.73564469536398,[0.00016995688024190603],-0.0002017806326585884,0.7413827655310621,0
