complexity,accuracy,distortion,mse,gNID,eps,beta,run
7.063119,0.40969276,0.006132126,1.1558522,0.8978201448917389,1.2199465036392212,5.0,0
