complexity,accuracy,distortion,mse,run
4.718280252617854,3.3707623756683436,0.11001059643859001,,0
