complexity,accuracy,distortion,mse,gNID,eps,beta,run
3.5241339482767167,1.6949432762986625,1.7858296958082711,564.5162531977596,,,,0
