complexity,accuracy,distortion,mse,sender_delta,receiver_delta,min_epsilon,min_beta,run
3.981922891864821,3.743174408454502,33.63997780143417,6.674281117077808,9.999977999031305e-05,7.118366401288909e-05,,,0
