complexity,accuracy,distortion,mse,gNID,eps,beta,run
2.426862305581791,2.4130367041496914,2.6986346237176484,43.275791644558296,[0.00045938261315625617],-0.00012095560815418746,0.7083967935871743,0
