complexity,accuracy,distortion,mse,run
4.718808157144949,4.397081750894323,0.7145895772620392,,0
