complexity,accuracy,distortion,mse,gNID,eps,beta,run
4.625207491119809,4.336171981321497,0.7754993466038584,2.9123022308385114,[0.0010671069696884805],-0.0016783724233927432,1.048948948948949,0
