complexity,accuracy,distortion,mse,gNID,eps,beta,run
2.865984,2.6354027,0.8453703,31.872974,0.00020444393157958984,-0.0016117218183353543,0.9753769040107727,0
