complexity,accuracy,distortion,mse,run
1.8601516850503028,1.8014582873508225,1.6793146847561111,,0
