complexity,accuracy,distortion,mse,gNID,eps,beta,run
1.8173685,1.7676249,1.7131481,108.87243,0.0066947340965271,-0.01167408935725689,0.7666332721710205,0
