complexity,accuracy,distortion,mse,gNID,eps,beta,run
6.394144,3.2335978,0.24717522,209.33115,0.02309340238571167,0.004069779068231583,35.010005950927734,0
