complexity,accuracy,distortion,mse,run
3.393485078381291,3.3356616522875893,1.7760096757665664,,0
