complexity,accuracy,distortion,mse,gNID,eps,beta,run
3.3997297,3.3414087,1.7702618,11.673213,0.003942370414733887,-0.01396728865802288,0.755670428276062,0
