complexity,accuracy,distortion,mse,gNID,eps,beta,run
3.3892469291887046,3.3316345141373844,1.7800368139069676,11.771047447595866,[0.0003511819155449514],-0.00027959238404362026,0.7547094188376754,0
