complexity,accuracy,distortion,mse,gNID,eps,beta,run
0.29375648,0.29375648,6.3500996,1008.08307,0.8570555746555328,0.0,0.6657904982566833,0
