complexity,accuracy
4.6387787,4.344882
4.6407843,4.3462105
4.640607,4.3460884
4.641876,4.3469076
4.640665,4.346115
4.638034,4.344405
4.641406,4.3466005
4.6407413,4.3461637
