complexity,accuracy
4.641342,4.346738
4.6416283,4.3469524
-5.722046e-06,-2.861023e-06
4.639102,4.34529
4.6390553,4.3452435
4.6395197,4.345605
4.637047,4.3439617
4.633814,4.3418875
