complexity,accuracy,distortion,mse,run
3.980035182839268,3.85101373803197,1.2606575899820243,,0
