complexity,accuracy,distortion,mse,gNID,eps,beta,run
2.986538,2.7173176,0.7634554,28.470284,0.002308189868927002,0.0035485434345901012,1.0246831178665161,0
