complexity,accuracy,distortion,mse,gNID,eps,beta,run
1.3455029,1.3236723,2.1571007,207.81238,0.20764607191085815,-0.049716949462890625,0.7685123682022095,0
