complexity,accuracy,distortion,mse,gNID,eps,beta,run
6.3538914,4.8393507,0.2723198,168.98518,0.025776565074920654,0.03657611459493637,3.335556983947754,0
