complexity,accuracy,distortion,mse,gNID,eps,beta,run
4.6392937,3.3580065,0.122766495,11.526387,0.0018557906150817871,0.002601805841550231,4.354903221130371,0
