complexity,accuracy,distortion,mse,run
5.294069103531314,3.4292607087707587,0.05151226333617487,,0
