complexity,accuracy,distortion,mse,gNID,eps,beta,run
0.04565811,0.014043808,0.40178108,1.4342645,0.009459435939788818,-0.00015307232388295233,2.07058048248291,0
