complexity,accuracy,distortion,mse,run
5.898823212913445,4.929494445181806,0.18217604889778372,,0
