complexity,accuracy,distortion,mse,gNID,eps,beta,run
5.755082,4.393264,0.7184067,14.402476,0.07604324817657471,0.1797308623790741,2.183762550354004,0
