complexity,accuracy,distortion,mse,gNID,eps,beta,run
4.625371009380551,4.3362770714752354,0.7753942566910172,2.9120466469636264,[0.0010523760473789556],-0.0016226708314687924,1.048948948948949,0
