complexity,accuracy,distortion,mse,gNID,eps,beta,run
2.934266,2.6809163,0.79985666,29.708834,0.008144676685333252,-0.011940659023821354,1.0246831178665161,0
