complexity,accuracy,distortion,mse,gNID,eps,beta,run
3.6770535,3.5569692,1.5547013,8.072774,0.04100149869918823,0.011212866753339767,0.7956171035766602,0
